Date, Active, Recoveries, Deaths, Active+Infected, lambda, kappa,
2020-03-30 00:00:00,   966.00000,   228.00000,    24.00000,  1932.00000,     0.00000,     0.00516,
2020-03-30 01:00:00,   969.78192,   228.00000,    24.20824,  1932.25438,     0.00767,     0.00514,
2020-03-30 02:00:00,   973.51998,   228.02871,    24.41715,  1932.51603,     0.00871,     0.00511,
2020-03-30 03:00:00,   977.21647,   228.08405,    24.62671,  1932.78691,     0.00885,     0.00508,
2020-03-30 04:00:00,   980.87354,   228.16408,    24.83693,  1933.06881,     0.00887,     0.00506,
2020-03-30 05:00:00,   984.49319,   228.26702,    25.04778,  1933.36337,     0.00887,     0.00503,
2020-03-30 06:00:00,   988.07730,   228.39122,    25.25927,  1933.67210,     0.00887,     0.00501,
2020-03-30 07:00:00,   991.62761,   228.53515,    25.47138,  1933.99641,     0.00887,     0.00498,
2020-03-30 08:00:00,   995.14573,   228.69740,    25.68411,  1934.33757,     0.00887,     0.00495,
2020-03-30 09:00:00,   998.63320,   228.87666,    25.89744,  1934.69676,     0.00887,     0.00493,
2020-03-30 10:00:00,  1002.09141,   229.07172,    26.11138,  1935.07506,     0.00887,     0.00490,
2020-03-30 11:00:00,  1005.52171,   229.28146,    26.32590,  1935.47345,     0.00887,     0.00488,
2020-03-30 12:00:00,  1008.92532,   229.50485,    26.54102,  1935.89286,     0.00887,     0.00485,
2020-03-30 13:00:00,  1012.30341,   229.74093,    26.75671,  1936.33409,     0.00887,     0.00483,
2020-03-30 14:00:00,  1015.65706,   229.98882,    26.97298,  1936.79793,     0.00887,     0.00480,
2020-03-30 15:00:00,  1018.98729,   230.24770,    27.18981,  1937.28506,     0.00887,     0.00478,
2020-03-30 16:00:00,  1022.29505,   230.51681,    27.40721,  1937.79612,     0.00887,     0.00475,
2020-03-30 17:00:00,  1025.58125,   230.79547,    27.62516,  1938.33169,     0.00887,     0.00473,
2020-03-30 18:00:00,  1028.84671,   231.08301,    27.84367,  1938.89229,     0.00887,     0.00471,
2020-03-30 19:00:00,  1032.09223,   231.37885,    28.06272,  1939.47841,     0.00887,     0.00468,
2020-03-30 20:00:00,  1035.31855,   231.68244,    28.28231,  1940.09049,     0.00887,     0.00466,
2020-03-30 21:00:00,  1038.52638,   231.99326,    28.50244,  1940.72893,     0.00887,     0.00463,
2020-03-30 22:00:00,  1041.71637,   232.31084,    28.72310,  1941.39407,     0.00887,     0.00461,
2020-03-30 23:00:00,  1044.88915,   232.63475,    28.94428,  1942.08627,     0.00887,     0.00459,
2020-03-31 00:00:00,  1048.04531,   232.96459,    29.16599,  1942.80579,     0.00887,     0.00456,
2020-03-31 01:00:00,  1051.18540,   233.29998,    29.38822,  1943.55293,     0.00887,     0.00454,
2020-03-31 02:00:00,  1054.30995,   233.64059,    29.61096,  1944.32790,     0.00887,     0.00451,
2020-03-31 03:00:00,  1057.41947,   233.98608,    29.83421,  1945.13094,     0.00887,     0.00449,
2020-03-31 04:00:00,  1060.51442,   234.33618,    30.05797,  1945.96222,     0.00887,     0.00447,
2020-03-31 05:00:00,  1063.59527,   234.69060,    30.28223,  1946.82194,     0.00887,     0.00445,
2020-03-31 06:00:00,  1066.66243,   235.04910,    30.50699,  1947.71022,     0.00887,     0.00442,
2020-03-31 07:00:00,  1069.71633,   235.41145,    30.73225,  1948.62723,     0.00887,     0.00440,
2020-03-31 08:00:00,  1072.75734,   235.77743,    30.95799,  1949.57306,     0.00887,     0.00438,
2020-03-31 09:00:00,  1075.78585,   236.14684,    31.18423,  1950.54783,     0.00887,     0.00435,
2020-03-31 10:00:00,  1078.80220,   236.51951,    31.41095,  1951.55164,     0.00887,     0.00433,
2020-03-31 11:00:00,  1081.80675,   236.89526,    31.63815,  1952.58455,     0.00887,     0.00431,
2020-03-31 12:00:00,  1084.79982,   237.27393,    31.86583,  1953.64664,     0.00887,     0.00429,
2020-03-31 13:00:00,  1087.78173,   237.65538,    32.09398,  1954.73797,     0.00887,     0.00427,
2020-03-31 14:00:00,  1090.75278,   238.03948,    32.32261,  1955.85858,     0.00887,     0.00424,
2020-03-31 15:00:00,  1093.71326,   238.42611,    32.55171,  1957.00852,     0.00887,     0.00422,
2020-03-31 16:00:00,  1096.66345,   238.81515,    32.78127,  1958.18781,     0.00887,     0.00420,
2020-03-31 17:00:00,  1099.60363,   239.20648,    33.01130,  1959.39649,     0.00887,     0.00418,
2020-03-31 18:00:00,  1102.53405,   239.60003,    33.24179,  1960.63456,     0.00887,     0.00416,
2020-03-31 19:00:00,  1105.45498,   239.99569,    33.47273,  1961.90205,     0.00887,     0.00414,
2020-03-31 20:00:00,  1108.36666,   240.39339,    33.70413,  1963.19896,     0.00887,     0.00411,
2020-03-31 21:00:00,  1111.26933,   240.79304,    33.93599,  1964.52530,     0.00887,     0.00409,
2020-03-31 22:00:00,  1114.16322,   241.19458,    34.16829,  1965.88105,     0.00887,     0.00407,
2020-03-31 23:00:00,  1117.04856,   241.59793,    34.40104,  1967.26622,     0.00887,     0.00405,
2020-04-01 00:00:00,  1119.92556,   242.00304,    34.63424,  1968.68080,     0.00887,     0.00403,
2020-04-01 01:00:00,  1122.79445,   242.40985,    34.86788,  1970.12477,     0.00887,     0.00401,
2020-04-01 02:00:00,  1125.65543,   242.81831,    35.10196,  1971.59813,     0.00887,     0.00399,
2020-04-01 03:00:00,  1128.50871,   243.22836,    35.33648,  1973.10084,     0.00887,     0.00397,
2020-04-01 04:00:00,  1131.35449,   243.63998,    35.57143,  1974.63290,     0.00887,     0.00395,
2020-04-01 05:00:00,  1134.19296,   244.05310,    35.80682,  1976.19428,     0.00887,     0.00393,
2020-04-01 06:00:00,  1137.02431,   244.46770,    36.04264,  1977.78496,     0.00887,     0.00391,
2020-04-01 07:00:00,  1139.84874,   244.88374,    36.27888,  1979.40491,     0.00887,     0.00389,
2020-04-01 08:00:00,  1142.66642,   245.30118,    36.51556,  1981.05411,     0.00887,     0.00387,
2020-04-01 09:00:00,  1145.47754,   245.72000,    36.75266,  1982.73253,     0.00887,     0.00385,
2020-04-01 10:00:00,  1148.28228,   246.14016,    36.99018,  1984.44014,     0.00887,     0.00383,
2020-04-01 11:00:00,  1151.08081,   246.56164,    37.22813,  1986.17692,     0.00887,     0.00381,
2020-04-01 12:00:00,  1153.87331,   246.98443,    37.46649,  1987.94283,     0.00887,     0.00379,
2020-04-01 13:00:00,  1156.65994,   247.40848,    37.70527,  1989.73784,     0.00887,     0.00377,
2020-04-01 14:00:00,  1159.44087,   247.83379,    37.94447,  1991.56193,     0.00887,     0.00375,
2020-04-01 15:00:00,  1162.21626,   248.26032,    38.18408,  1993.41506,     0.00887,     0.00373,
2020-04-01 16:00:00,  1164.98629,   248.68808,    38.42410,  1995.29721,     0.00887,     0.00371,
2020-04-01 17:00:00,  1167.75110,   249.11703,    38.66454,  1997.20834,     0.00887,     0.00369,
2020-04-01 18:00:00,  1170.51085,   249.54716,    38.90538,  1999.14843,     0.00887,     0.00367,
2020-04-01 19:00:00,  1173.26572,   249.97847,    39.14662,  2001.11744,     0.00887,     0.00365,
2020-04-01 20:00:00,  1176.01583,   250.41093,    39.38828,  2003.11534,     0.00887,     0.00363,
2020-04-01 21:00:00,  1178.76136,   250.84453,    39.63033,  2005.14211,     0.00887,     0.00362,
2020-04-01 22:00:00,  1181.50246,   251.27926,    39.87279,  2007.19772,     0.00887,     0.00360,
2020-04-01 23:00:00,  1184.23926,   251.71511,    40.11565,  2009.28213,     0.00887,     0.00358,
2020-04-02 00:00:00,  1186.97192,   252.15207,    40.35891,  2011.39532,     0.00887,     0.00356,
2020-04-02 01:00:00,  1189.70059,   252.59013,    40.60256,  2013.53726,     0.00887,     0.00354,
2020-04-02 02:00:00,  1192.42541,   253.02929,    40.84661,  2015.70793,     0.00887,     0.00352,
2020-04-02 03:00:00,  1195.14652,   253.46953,    41.09106,  2017.90729,     0.00887,     0.00351,
2020-04-02 04:00:00,  1197.86407,   253.91084,    41.33589,  2020.13533,     0.00887,     0.00349,
2020-04-02 05:00:00,  1200.57820,   254.35323,    41.58112,  2022.39201,     0.00887,     0.00347,
2020-04-02 06:00:00,  1203.28905,   254.79668,    41.82674,  2024.67732,     0.00887,     0.00345,
2020-04-02 07:00:00,  1205.99676,   255.24119,    42.07275,  2026.99123,     0.00887,     0.00343,
2020-04-02 08:00:00,  1208.70146,   255.68675,    42.31915,  2029.33371,     0.00887,     0.00342,
2020-04-02 09:00:00,  1211.40330,   256.13336,    42.56593,  2031.70475,     0.00887,     0.00340,
2020-04-02 10:00:00,  1214.10240,   256.58101,    42.81310,  2034.10433,     0.00887,     0.00338,
2020-04-02 11:00:00,  1216.79891,   257.02969,    43.06066,  2036.53241,     0.00887,     0.00336,
2020-04-02 12:00:00,  1219.49295,   257.47941,    43.30859,  2038.98899,     0.00887,     0.00335,
2020-04-02 13:00:00,  1222.18466,   257.93017,    43.55691,  2041.47405,     0.00887,     0.00333,
2020-04-02 14:00:00,  1224.87417,   258.38194,    43.80561,  2043.98756,     0.00887,     0.00331,
2020-04-02 15:00:00,  1227.56162,   258.83474,    44.05469,  2046.52952,     0.00887,     0.00329,
2020-04-02 16:00:00,  1230.24712,   259.28856,    44.30415,  2049.09990,     0.00887,     0.00328,
2020-04-02 17:00:00,  1232.93082,   259.74340,    44.55399,  2051.69869,     0.00887,     0.00326,
2020-04-02 18:00:00,  1235.61284,   260.19926,    44.80420,  2054.32588,     0.00887,     0.00324,
2020-04-02 19:00:00,  1238.29330,   260.65612,    45.05479,  2056.98145,     0.00887,     0.00323,
2020-04-02 20:00:00,  1240.97234,   261.11399,    45.30576,  2059.66539,     0.00887,     0.00321,
2020-04-02 21:00:00,  1243.65007,   261.57288,    45.55710,  2062.37770,     0.00887,     0.00319,
2020-04-02 22:00:00,  1246.32664,   262.03277,    45.80881,  2065.11835,     0.00887,     0.00318,
2020-04-02 23:00:00,  1249.00215,   262.49366,    46.06089,  2067.88734,     0.00887,     0.00316,
2020-04-03 00:00:00,  1251.67673,   262.95556,    46.31335,  2070.68467,     0.00887,     0.00315,
2020-04-03 01:00:00,  1254.35051,   263.41845,    46.56618,  2073.51032,     0.00887,     0.00313,
2020-04-03 02:00:00,  1257.02361,   263.88235,    46.81938,  2076.36429,     0.00887,     0.00311,
2020-04-03 03:00:00,  1259.69614,   264.34725,    47.07294,  2079.24657,     0.00887,     0.00310,
2020-04-03 04:00:00,  1262.36824,   264.81314,    47.32688,  2082.15716,     0.00887,     0.00308,
2020-04-03 05:00:00,  1265.04002,   265.28003,    47.58118,  2085.09605,     0.00887,     0.00307,
2020-04-03 06:00:00,  1267.71160,   265.74792,    47.83585,  2088.06325,     0.00887,     0.00305,
2020-04-03 07:00:00,  1270.38310,   266.21680,    48.09089,  2091.05875,     0.00887,     0.00303,
2020-04-03 08:00:00,  1273.05464,   266.68668,    48.34630,  2094.08255,     0.00887,     0.00302,
2020-04-03 09:00:00,  1275.72634,   267.15755,    48.60207,  2097.13465,     0.00887,     0.00300,
2020-04-03 10:00:00,  1278.39831,   267.62942,    48.85820,  2100.21505,     0.00887,     0.00299,
2020-04-03 11:00:00,  1281.07067,   268.10227,    49.11470,  2103.32376,     0.00887,     0.00297,
2020-04-03 12:00:00,  1283.74353,   268.57613,    49.37156,  2106.46077,     0.00887,     0.00296,
2020-04-03 13:00:00,  1286.41702,   269.05097,    49.62879,  2109.62610,     0.00887,     0.00294,
2020-04-03 14:00:00,  1289.09124,   269.52681,    49.88638,  2112.81974,     0.00887,     0.00293,
2020-04-03 15:00:00,  1291.76632,   270.00364,    50.14433,  2116.04171,     0.00887,     0.00291,
2020-04-03 16:00:00,  1294.44236,   270.48146,    50.40265,  2119.29200,     0.00887,     0.00290,
2020-04-03 17:00:00,  1297.11948,   270.96027,    50.66132,  2122.57064,     0.00887,     0.00288,
2020-04-03 18:00:00,  1299.79778,   271.44008,    50.92036,  2125.87762,     0.00887,     0.00287,
2020-04-03 19:00:00,  1302.47740,   271.92088,    51.17976,  2129.21296,     0.00887,     0.00285,
2020-04-03 20:00:00,  1305.15843,   272.40268,    51.43952,  2132.57667,     0.00887,     0.00284,
2020-04-03 21:00:00,  1307.84098,   272.88546,    51.69964,  2135.96876,     0.00887,     0.00282,
2020-04-03 22:00:00,  1310.52517,   273.36925,    51.96011,  2139.38924,     0.00887,     0.00281,
2020-04-03 23:00:00,  1313.21111,   273.85402,    52.22095,  2142.83813,     0.00887,     0.00279,
2020-04-04 00:00:00,  1315.89891,   274.33979,    52.48215,  2146.31543,     0.00887,     0.00278,
2020-04-04 01:00:00,  1318.58868,   274.82656,    52.74371,  2149.82118,     0.00887,     0.00276,
2020-04-04 02:00:00,  1321.28052,   275.31432,    53.00563,  2153.35538,     0.00887,     0.00275,
2020-04-04 03:00:00,  1323.97454,   275.80308,    53.26791,  2156.91805,     0.00887,     0.00274,
2020-04-04 04:00:00,  1326.67086,   276.29284,    53.53054,  2160.50921,     0.00887,     0.00272,
2020-04-04 05:00:00,  1329.36958,   276.78360,    53.79353,  2164.12888,     0.00887,     0.00271,
2020-04-04 06:00:00,  1332.07080,   277.27535,    54.05689,  2167.77708,     0.00887,     0.00269,
2020-04-04 07:00:00,  1334.77464,   277.76811,    54.32060,  2171.45382,     0.00887,     0.00268,
2020-04-04 08:00:00,  1337.48120,   278.26186,    54.58467,  2175.15914,     0.00887,     0.00267,
2020-04-04 09:00:00,  1340.19059,   278.75662,    54.84910,  2178.89306,     0.00887,     0.00265,
2020-04-04 10:00:00,  1342.90291,   279.25238,    55.11388,  2182.65559,     0.00887,     0.00264,
2020-04-04 11:00:00,  1345.61826,   279.74914,    55.37903,  2186.44677,     0.00887,     0.00263,
2020-04-04 12:00:00,  1348.33676,   280.24691,    55.64453,  2190.26662,     0.00887,     0.00261,
2020-04-04 13:00:00,  1351.05850,   280.74568,    55.91039,  2194.11516,     0.00887,     0.00260,
2020-04-04 14:00:00,  1353.78359,   281.24546,    56.17661,  2197.99243,     0.00887,     0.00258,
2020-04-04 15:00:00,  1356.51214,   281.74625,    56.44319,  2201.89845,     0.00887,     0.00257,
2020-04-04 16:00:00,  1359.24424,   282.24805,    56.71013,  2205.83325,     0.00887,     0.00256,
2020-04-04 17:00:00,  1361.98000,   282.75086,    56.97742,  2209.79686,     0.00887,     0.00255,
2020-04-04 18:00:00,  1364.71952,   283.25468,    57.24508,  2213.78931,     0.00887,     0.00253,
2020-04-04 19:00:00,  1367.46291,   283.75952,    57.51309,  2217.81064,     0.00887,     0.00252,
2020-04-04 20:00:00,  1370.21027,   284.26537,    57.78147,  2221.86088,     0.00887,     0.00251,
2020-04-04 21:00:00,  1372.96169,   284.77224,    58.05020,  2225.94005,     0.00887,     0.00249,
2020-04-04 22:00:00,  1375.71728,   285.28012,    58.31929,  2230.04821,     0.00887,     0.00248,
2020-04-04 23:00:00,  1378.47713,   285.78902,    58.58874,  2234.18537,     0.00887,     0.00247,
2020-04-05 00:00:00,  1381.24136,   286.29895,    58.85855,  2238.35158,     0.00887,     0.00245,
2020-04-05 01:00:00,  1384.01006,   286.80990,    59.12873,  2242.54688,     0.00887,     0.00244,
2020-04-05 02:00:00,  1386.78333,   287.32187,    59.39926,  2246.77130,     0.00887,     0.00243,
2020-04-05 03:00:00,  1389.56126,   287.83487,    59.67015,  2251.02488,     0.00887,     0.00242,
2020-04-05 04:00:00,  1392.34397,   288.34889,    59.94141,  2255.30766,     0.00887,     0.00240,
2020-04-05 05:00:00,  1395.13154,   288.86395,    60.21302,  2259.61969,     0.00887,     0.00239,
2020-04-05 06:00:00,  1397.92407,   289.38003,    60.48500,  2263.96100,     0.00887,     0.00238,
2020-04-05 07:00:00,  1400.72167,   289.89715,    60.75734,  2268.33163,     0.00887,     0.00237,
2020-04-05 08:00:00,  1403.52444,   290.41531,    61.03005,  2272.73164,     0.00887,     0.00236,
2020-04-05 09:00:00,  1406.33246,   290.93450,    61.30311,  2277.16106,     0.00887,     0.00234,
2020-04-05 10:00:00,  1409.14584,   291.45473,    61.57654,  2281.61993,     0.00887,     0.00233,
2020-04-05 11:00:00,  1411.96467,   291.97600,    61.85034,  2286.10831,     0.00887,     0.00232,
2020-04-05 12:00:00,  1414.78906,   292.49831,    62.12449,  2290.62624,     0.00887,     0.00231,
2020-04-05 13:00:00,  1417.61909,   293.02167,    62.39902,  2295.17377,     0.00887,     0.00230,
2020-04-05 14:00:00,  1420.45487,   293.54608,    62.67391,  2299.75095,     0.00887,     0.00228,
2020-04-05 15:00:00,  1423.29649,   294.07153,    62.94916,  2304.35782,     0.00887,     0.00227,
2020-04-05 16:00:00,  1426.14404,   294.59804,    63.22478,  2308.99444,     0.00887,     0.00226,
2020-04-05 17:00:00,  1428.99763,   295.12560,    63.50077,  2313.66085,     0.00887,     0.00225,
2020-04-05 18:00:00,  1431.85735,   295.65421,    63.77712,  2318.35711,     0.00887,     0.00224,
2020-04-05 19:00:00,  1434.72328,   296.18389,    64.05385,  2323.08328,     0.00887,     0.00223,
2020-04-05 20:00:00,  1437.59554,   296.71462,    64.33094,  2327.83939,     0.00887,     0.00221,
2020-04-05 21:00:00,  1440.47421,   297.24642,    64.60840,  2332.62552,     0.00887,     0.00220,
2020-04-05 22:00:00,  1443.35938,   297.77928,    64.88623,  2337.44170,     0.00887,     0.00219,
2020-04-05 23:00:00,  1446.25116,   298.31321,    65.16443,  2342.28801,     0.00887,     0.00218,
2020-04-06 00:00:00,  1449.14963,   298.84820,    65.44301,  2347.16449,     0.00887,     0.00217,
2020-04-06 01:00:00,  1452.05489,   299.38428,    65.72195,  2352.07121,     0.00887,     0.00216,
2020-04-06 02:00:00,  1454.96704,   299.92142,    66.00127,  2357.00821,     0.00887,     0.00215,
2020-04-06 03:00:00,  1457.88616,   300.45965,    66.28096,  2361.97557,     0.00887,     0.00214,
2020-04-06 04:00:00,  1460.81235,   300.99895,    66.56102,  2366.97333,     0.00887,     0.00212,
2020-04-06 05:00:00,  1463.74571,   301.53934,    66.84146,  2372.00157,     0.00887,     0.00211,
2020-04-06 06:00:00,  1466.68632,   302.08081,    67.12228,  2377.06034,     0.00887,     0.00210,
2020-04-06 07:00:00,  1469.63428,   302.62337,    67.40347,  2382.14970,     0.00887,     0.00209,
2020-04-06 08:00:00,  1472.58968,   303.16702,    67.68504,  2387.26972,     0.00887,     0.00208,
2020-04-06 09:00:00,  1475.55262,   303.71176,    67.96698,  2392.42046,     0.00887,     0.00207,
2020-04-06 10:00:00,  1478.52318,   304.25760,    68.24931,  2397.60198,     0.00887,     0.00206,
2020-04-06 11:00:00,  1481.50146,   304.80454,    68.53201,  2402.81436,     0.00887,     0.00205,
2020-04-06 12:00:00,  1484.48756,   305.35259,    68.81510,  2408.05766,     0.00887,     0.00204,
2020-04-06 13:00:00,  1487.48155,   305.90173,    69.09856,  2413.33194,     0.00887,     0.00203,
2020-04-06 14:00:00,  1490.48354,   306.45199,    69.38241,  2418.63727,     0.00887,     0.00202,
2020-04-06 15:00:00,  1493.49361,   307.00335,    69.66664,  2423.97373,     0.00887,     0.00201,
2020-04-06 16:00:00,  1496.51186,   307.55583,    69.95126,  2429.34138,     0.00887,     0.00200,
2020-04-06 17:00:00,  1499.53838,   308.10943,    70.23626,  2434.74029,     0.00887,     0.00199,
2020-04-06 18:00:00,  1502.57326,   308.66415,    70.52164,  2440.17053,     0.00887,     0.00198,
2020-04-06 19:00:00,  1505.61658,   309.21999,    70.80741,  2445.63217,     0.00887,     0.00197,
2020-04-06 20:00:00,  1508.66845,   309.77695,    71.09357,  2451.12530,     0.00887,     0.00196,
2020-04-06 21:00:00,  1511.72895,   310.33505,    71.38012,  2456.64997,     0.00887,     0.00195,
2020-04-06 22:00:00,  1514.79817,   310.89427,    71.66706,  2462.20627,     0.00887,     0.00194,
2020-04-06 23:00:00,  1517.87621,   311.45464,    71.95439,  2467.79427,     0.00887,     0.00193,
2020-04-07 00:00:00,  1520.96315,   312.01614,    72.24211,  2473.41405,     0.00887,     0.00192,
2020-04-07 01:00:00,  1524.05908,   312.57879,    72.53023,  2479.06567,     0.00887,     0.00191,
2020-04-07 02:00:00,  1527.16409,   313.14258,    72.81873,  2484.74923,     0.00887,     0.00190,
2020-04-07 03:00:00,  1530.27828,   313.70752,    73.10764,  2490.46480,     0.00887,     0.00189,
2020-04-07 04:00:00,  1533.40174,   314.27361,    73.39693,  2496.21245,     0.00887,     0.00188,
2020-04-07 05:00:00,  1536.53454,   314.84086,    73.68663,  2501.99227,     0.00887,     0.00187,
2020-04-07 06:00:00,  1539.67679,   315.40927,    73.97672,  2507.80434,     0.00887,     0.00186,
2020-04-07 07:00:00,  1542.82857,   315.97884,    74.26722,  2513.64874,     0.00887,     0.00185,
2020-04-07 08:00:00,  1545.98998,   316.54958,    74.55811,  2519.52555,     0.00887,     0.00184,
2020-04-07 09:00:00,  1549.16110,   317.12149,    74.84941,  2525.43485,     0.00887,     0.00183,
2020-04-07 10:00:00,  1552.34201,   317.69457,    75.14110,  2531.37674,     0.00887,     0.00182,
2020-04-07 11:00:00,  1555.53282,   318.26883,    75.43321,  2537.35128,     0.00887,     0.00181,
2020-04-07 12:00:00,  1558.73362,   318.84427,    75.72571,  2543.35857,     0.00887,     0.00180,
2020-04-07 13:00:00,  1561.94448,   319.42089,    76.01863,  2549.39870,     0.00887,     0.00179,
2020-04-07 14:00:00,  1565.16550,   319.99871,    76.31195,  2555.47175,     0.00887,     0.00178,
2020-04-07 15:00:00,  1568.39676,   320.57771,    76.60568,  2561.57780,     0.00887,     0.00177,
2020-04-07 16:00:00,  1571.63837,   321.15791,    76.89982,  2567.71696,     0.00887,     0.00176,
2020-04-07 17:00:00,  1574.89040,   321.73931,    77.19437,  2573.88929,     0.00887,     0.00175,
2020-04-07 18:00:00,  1578.15295,   322.32192,    77.48933,  2580.09491,     0.00887,     0.00175,
2020-04-07 19:00:00,  1581.42610,   322.90573,    77.78471,  2586.33389,     0.00887,     0.00174,
2020-04-07 20:00:00,  1584.70994,   323.49076,    78.08050,  2592.60633,     0.00887,     0.00173,
2020-04-07 21:00:00,  1588.00457,   324.07700,    78.37671,  2598.91232,     0.00887,     0.00172,
2020-04-07 22:00:00,  1591.31007,   324.66446,    78.67334,  2605.25196,     0.00887,     0.00171,
2020-04-07 23:00:00,  1594.62653,   325.25314,    78.97039,  2611.62533,     0.00887,     0.00170,
2020-04-08 00:00:00,  1597.95404,   325.84305,    79.26785,  2618.03253,     0.00887,     0.00169,
2020-04-08 01:00:00,  1601.29268,   326.43419,    79.56574,  2624.47367,     0.00887,     0.00168,
2020-04-08 02:00:00,  1604.64255,   327.02657,    79.86406,  2630.94882,     0.00887,     0.00168,
2020-04-08 03:00:00,  1608.00374,   327.62019,    80.16279,  2637.45810,     0.00887,     0.00167,
2020-04-08 04:00:00,  1611.37633,   328.21505,    80.46196,  2644.00160,     0.00887,     0.00166,
2020-04-08 05:00:00,  1614.76042,   328.81116,    80.76155,  2650.57941,     0.00887,     0.00165,
2020-04-08 06:00:00,  1618.15608,   329.40853,    81.06157,  2657.19164,     0.00887,     0.00164,
2020-04-08 07:00:00,  1621.56342,   330.00715,    81.36202,  2663.83839,     0.00887,     0.00163,
2020-04-08 08:00:00,  1624.98252,   330.60703,    81.66290,  2670.51975,     0.00887,     0.00162,
2020-04-08 09:00:00,  1628.41346,   331.20818,    81.96422,  2677.23584,     0.00887,     0.00162,
2020-04-08 10:00:00,  1631.85634,   331.81059,    82.26597,  2683.98674,     0.00887,     0.00161,
2020-04-08 11:00:00,  1635.31125,   332.41429,    82.56816,  2690.77257,     0.00887,     0.00160,
2020-04-08 12:00:00,  1638.77827,   333.01926,    82.87078,  2697.59343,     0.00887,     0.00159,
2020-04-08 13:00:00,  1642.25749,   333.62551,    83.17385,  2704.44943,     0.00887,     0.00158,
2020-04-08 14:00:00,  1645.74901,   334.23306,    83.47735,  2711.34066,     0.00887,     0.00157,
2020-04-08 15:00:00,  1649.25291,   334.84189,    83.78130,  2718.26724,     0.00887,     0.00157,
2020-04-08 16:00:00,  1652.76927,   335.45202,    84.08569,  2725.22927,     0.00887,     0.00156,
2020-04-08 17:00:00,  1656.29820,   336.06346,    84.39053,  2732.22686,     0.00887,     0.00155,
2020-04-08 18:00:00,  1659.83977,   336.67620,    84.69581,  2739.26012,     0.00887,     0.00154,
2020-04-08 19:00:00,  1663.39409,   337.29025,    85.00155,  2746.32916,     0.00887,     0.00153,
2020-04-08 20:00:00,  1666.96122,   337.90562,    85.30773,  2753.43409,     0.00887,     0.00153,
2020-04-08 21:00:00,  1670.54128,   338.52231,    85.61437,  2760.57501,     0.00887,     0.00152,
2020-04-08 22:00:00,  1674.13433,   339.14032,    85.92146,  2767.75205,     0.00887,     0.00151,
2020-04-08 23:00:00,  1677.74048,   339.75967,    86.22900,  2774.96532,     0.00887,     0.00150,
2020-04-09 00:00:00,  1681.35981,   340.38035,    86.53701,  2782.21492,     0.00887,     0.00150,
2020-04-09 01:00:00,  1684.99242,   341.00237,    86.84547,  2789.50097,     0.00887,     0.00149,
2020-04-09 02:00:00,  1688.63838,   341.62573,    87.15439,  2796.82359,     0.00887,     0.00148,
2020-04-09 03:00:00,  1692.29780,   342.25044,    87.46377,  2804.18290,     0.00887,     0.00147,
2020-04-09 04:00:00,  1695.97076,   342.87651,    87.77362,  2811.57900,     0.00887,     0.00146,
2020-04-09 05:00:00,  1699.65734,   343.50394,    88.08393,  2819.01202,     0.00887,     0.00146,
2020-04-09 06:00:00,  1703.35765,   344.13274,    88.39471,  2826.48207,     0.00887,     0.00145,
2020-04-09 07:00:00,  1707.07176,   344.76290,    88.70596,  2833.98927,     0.00887,     0.00144,
2020-04-09 08:00:00,  1710.79978,   345.39444,    89.01768,  2841.53375,     0.00887,     0.00143,
2020-04-09 09:00:00,  1714.54178,   346.02736,    89.32988,  2849.11562,     0.00887,     0.00143,
2020-04-09 10:00:00,  1718.29786,   346.66166,    89.64254,  2856.73501,     0.00887,     0.00142,
2020-04-09 11:00:00,  1722.06811,   347.29736,    89.95569,  2864.39203,     0.00887,     0.00141,
2020-04-09 12:00:00,  1725.85262,   347.93445,    90.26931,  2872.08682,     0.00887,     0.00141,
2020-04-09 13:00:00,  1729.65148,   348.57294,    90.58341,  2879.81948,     0.00887,     0.00140,
2020-04-09 14:00:00,  1733.46478,   349.21284,    90.89799,  2887.59015,     0.00887,     0.00139,
2020-04-09 15:00:00,  1737.29261,   349.85415,    91.21306,  2895.39896,     0.00887,     0.00138,
2020-04-09 16:00:00,  1741.13505,   350.49688,    91.52861,  2903.24602,     0.00887,     0.00138,
2020-04-09 17:00:00,  1744.99221,   351.14103,    91.84465,  2911.13147,     0.00887,     0.00137,
2020-04-09 18:00:00,  1748.86417,   351.78661,    92.16117,  2919.05543,     0.00887,     0.00136,
2020-04-09 19:00:00,  1752.75102,   352.43362,    92.47819,  2927.01803,     0.00887,     0.00136,
2020-04-09 20:00:00,  1756.65286,   353.08207,    92.79570,  2935.01940,     0.00887,     0.00135,
2020-04-09 21:00:00,  1760.56977,   353.73197,    93.11371,  2943.05968,     0.00887,     0.00134,
2020-04-09 22:00:00,  1764.50185,   354.38332,    93.43221,  2951.13898,     0.00887,     0.00133,
2020-04-09 23:00:00,  1768.44918,   355.03612,    93.75122,  2959.25745,     0.00887,     0.00133,
2020-04-10 00:00:00,  1772.41186,   355.69038,    94.07072,  2967.41521,     0.00887,     0.00132,
2020-04-10 01:00:00,  1776.38998,   356.34612,    94.39072,  2975.61240,     0.00887,     0.00131,
2020-04-10 02:00:00,  1780.38363,   357.00332,    94.71123,  2983.84915,     0.00887,     0.00131,
2020-04-10 03:00:00,  1784.39291,   357.66200,    95.03225,  2992.12560,     0.00887,     0.00130,
2020-04-10 04:00:00,  1788.41790,   358.32217,    95.35377,  3000.44188,     0.00887,     0.00129,
2020-04-10 05:00:00,  1792.45870,   358.98383,    95.67581,  3008.79813,     0.00887,     0.00129,
2020-04-10 06:00:00,  1796.51539,   359.64698,    95.99835,  3017.19448,     0.00887,     0.00128,
2020-04-10 07:00:00,  1800.58808,   360.31164,    96.32142,  3025.63108,     0.00887,     0.00127,
2020-04-10 08:00:00,  1804.67686,   360.97780,    96.64500,  3034.10807,     0.00887,     0.00127,
2020-04-10 09:00:00,  1808.78181,   361.64548,    96.96909,  3042.62557,     0.00887,     0.00126,
2020-04-10 10:00:00,  1812.90303,   362.31468,    97.29371,  3051.18374,     0.00887,     0.00125,
2020-04-10 11:00:00,  1817.04061,   362.98541,    97.61885,  3059.78271,     0.00887,     0.00125,
2020-04-10 12:00:00,  1821.19465,   363.65766,    97.94452,  3068.42263,     0.00887,     0.00124,
2020-04-10 13:00:00,  1825.36523,   364.33146,    98.27071,  3077.10364,     0.00887,     0.00124,
2020-04-10 14:00:00,  1829.55246,   365.00680,    98.59743,  3085.82588,     0.00887,     0.00123,
2020-04-10 15:00:00,  1833.75643,   365.68369,    98.92469,  3094.58950,     0.00887,     0.00122,
2020-04-10 16:00:00,  1837.97722,   366.36213,    99.25248,  3103.39464,     0.00887,     0.00122,
2020-04-10 17:00:00,  1842.21494,   367.04214,    99.58080,  3112.24145,     0.00887,     0.00121,
2020-04-10 18:00:00,  1846.46967,   367.72372,    99.90966,  3121.13008,     0.00887,     0.00120,
2020-04-10 19:00:00,  1850.74152,   368.40687,   100.23906,  3130.06067,     0.00887,     0.00120,
2020-04-10 20:00:00,  1855.03057,   369.09161,   100.56900,  3139.03337,     0.00887,     0.00119,
2020-04-10 21:00:00,  1859.33693,   369.77793,   100.89949,  3148.04834,     0.00887,     0.00119,
2020-04-10 22:00:00,  1863.66068,   370.46585,   101.23052,  3157.10572,     0.00887,     0.00118,
2020-04-10 23:00:00,  1868.00192,   371.15537,   101.56211,  3166.20566,     0.00887,     0.00117,
2020-04-11 00:00:00,  1872.36074,   371.84650,   101.89424,  3175.34832,     0.00887,     0.00117,
2020-04-11 01:00:00,  1876.73725,   372.53924,   102.22693,  3184.53384,     0.00887,     0.00116,
2020-04-11 02:00:00,  1881.13154,   373.23360,   102.56017,  3193.76239,     0.00887,     0.00116,
2020-04-11 03:00:00,  1885.54369,   373.92959,   102.89397,  3203.03412,     0.00887,     0.00115,
2020-04-11 04:00:00,  1889.97382,   374.62721,   103.22833,  3212.34917,     0.00887,     0.00114,
2020-04-11 05:00:00,  1894.42201,   375.32648,   103.56325,  3221.70772,     0.00887,     0.00114,
2020-04-11 06:00:00,  1898.88836,   376.02739,   103.89874,  3231.10991,     0.00887,     0.00113,
2020-04-11 07:00:00,  1903.37296,   376.72995,   104.23479,  3240.55590,     0.00887,     0.00113,
2020-04-11 08:00:00,  1907.87592,   377.43418,   104.57141,  3250.04586,     0.00887,     0.00112,
2020-04-11 09:00:00,  1912.39734,   378.14007,   104.90861,  3259.57994,     0.00887,     0.00111,
2020-04-11 10:00:00,  1916.93730,   378.84764,   105.24638,  3269.15830,     0.00887,     0.00111,
2020-04-11 11:00:00,  1921.49590,   379.55689,   105.58472,  3278.78110,     0.00887,     0.00110,
2020-04-11 12:00:00,  1926.07325,   380.26782,   105.92365,  3288.44851,     0.00887,     0.00110,
2020-04-11 13:00:00,  1930.66944,   380.98045,   106.26315,  3298.16069,     0.00887,     0.00109,
2020-04-11 14:00:00,  1935.28457,   381.69479,   106.60324,  3307.91780,     0.00887,     0.00109,
2020-04-11 15:00:00,  1939.91874,   382.41083,   106.94391,  3317.72001,     0.00887,     0.00108,
2020-04-11 16:00:00,  1944.57204,   383.12859,   107.28518,  3327.56748,     0.00887,     0.00107,
2020-04-11 17:00:00,  1949.24458,   383.84807,   107.62703,  3337.46038,     0.00887,     0.00107,
2020-04-11 18:00:00,  1953.93645,   384.56928,   107.96948,  3347.39888,     0.00887,     0.00106,
2020-04-11 19:00:00,  1958.64776,   385.29223,   108.31252,  3357.38314,     0.00887,     0.00106,
2020-04-11 20:00:00,  1963.37859,   386.01693,   108.65616,  3367.41334,     0.00887,     0.00105,
2020-04-11 21:00:00,  1968.12906,   386.74337,   109.00040,  3377.48964,     0.00887,     0.00105,
2020-04-11 22:00:00,  1972.89926,   387.47158,   109.34524,  3387.61222,     0.00887,     0.00104,
2020-04-11 23:00:00,  1977.68929,   388.20155,   109.69069,  3397.78124,     0.00887,     0.00104,
2020-04-12 00:00:00,  1982.49926,   388.93329,   110.03675,  3407.99688,     0.00887,     0.00103,
2020-04-12 01:00:00,  1987.32926,   389.66682,   110.38342,  3418.25932,     0.00887,     0.00103,
2020-04-12 02:00:00,  1992.17939,   390.40214,   110.73070,  3428.56872,     0.00887,     0.00102,
2020-04-12 03:00:00,  1997.04976,   391.13925,   111.07860,  3438.92527,     0.00887,     0.00102,
2020-04-12 04:00:00,  2001.94046,   391.87816,   111.42711,  3449.32913,     0.00887,     0.00101,
2020-04-12 05:00:00,  2006.85160,   392.61889,   111.77625,  3459.78049,     0.00887,     0.00100,
2020-04-12 06:00:00,  2011.78328,   393.36143,   112.12601,  3470.27952,     0.00887,     0.00100,
2020-04-12 07:00:00,  2016.73561,   394.10581,   112.47639,  3480.82641,     0.00887,     0.00099,
2020-04-12 08:00:00,  2021.70868,   394.85201,   112.82741,  3491.42133,     0.00887,     0.00099,
2020-04-12 09:00:00,  2026.70260,   395.60006,   113.17905,  3502.06446,     0.00887,     0.00098,
2020-04-12 10:00:00,  2031.71747,   396.34995,   113.53133,  3512.75599,     0.00887,     0.00098,
2020-04-12 11:00:00,  2036.75339,   397.10171,   113.88425,  3523.49609,     0.00887,     0.00097,
2020-04-12 12:00:00,  2041.81047,   397.85533,   114.23780,  3534.28496,     0.00887,     0.00097,
2020-04-12 13:00:00,  2046.88882,   398.61082,   114.59200,  3545.12277,     0.00887,     0.00096,
2020-04-12 14:00:00,  2051.98853,   399.36819,   114.94684,  3556.00971,     0.00887,     0.00096,
2020-04-12 15:00:00,  2057.10971,   400.12745,   115.30233,  3566.94596,     0.00887,     0.00095,
2020-04-12 16:00:00,  2062.25246,   400.88861,   115.65847,  3577.93172,     0.00887,     0.00095,
2020-04-12 17:00:00,  2067.41690,   401.65167,   116.01526,  3588.96717,     0.00887,     0.00094,
2020-04-12 18:00:00,  2072.60312,   402.41664,   116.37270,  3600.05250,     0.00887,     0.00094,
2020-04-12 19:00:00,  2077.81123,   403.18354,   116.73081,  3611.18790,     0.00887,     0.00093,
2020-04-12 20:00:00,  2083.04134,   403.95236,   117.08957,  3622.37356,     0.00887,     0.00093,
2020-04-12 21:00:00,  2088.29355,   404.72312,   117.44900,  3633.60967,     0.00887,     0.00093,
2020-04-12 22:00:00,  2093.56798,   405.49583,   117.80909,  3644.89643,     0.00887,     0.00092,
2020-04-12 23:00:00,  2098.86472,   406.27048,   118.16986,  3656.23403,     0.00887,     0.00092,
2020-04-13 00:00:00,  2104.18388,   407.04711,   118.53129,  3667.62266,     0.00887,     0.00091,
2020-04-13 01:00:00,  2109.52557,   407.82570,   118.89340,  3679.06252,     0.00887,     0.00091,
2020-04-13 02:00:00,  2114.88991,   408.60626,   119.25619,  3690.55380,     0.00887,     0.00090,
2020-04-13 03:00:00,  2120.27699,   409.38882,   119.61966,  3702.09671,     0.00887,     0.00090,
2020-04-13 04:00:00,  2125.68692,   410.17337,   119.98381,  3713.69143,     0.00887,     0.00089,
2020-04-13 05:00:00,  2131.11983,   410.95992,   120.34865,  3725.33818,     0.00887,     0.00089,
2020-04-13 06:00:00,  2136.57580,   411.74849,   120.71417,  3737.03715,     0.00887,     0.00088,
2020-04-13 07:00:00,  2142.05496,   412.53907,   121.08039,  3748.78853,     0.00887,     0.00088,
2020-04-13 08:00:00,  2147.55741,   413.33169,   121.44730,  3760.59254,     0.00887,     0.00087,
2020-04-13 09:00:00,  2153.08326,   414.12634,   121.81491,  3772.44938,     0.00887,     0.00087,
2020-04-13 10:00:00,  2158.63262,   414.92304,   122.18322,  3784.35925,     0.00887,     0.00087,
2020-04-13 11:00:00,  2164.20561,   415.72179,   122.55223,  3796.32235,     0.00887,     0.00086,
2020-04-13 12:00:00,  2169.80234,   416.52261,   122.92195,  3808.33890,     0.00887,     0.00086,
2020-04-13 13:00:00,  2175.42290,   417.32550,   123.29238,  3820.40909,     0.00887,     0.00085,
2020-04-13 14:00:00,  2181.06743,   418.13048,   123.66353,  3832.53314,     0.00887,     0.00085,
2020-04-13 15:00:00,  2186.73603,   418.93754,   124.03538,  3844.71126,     0.00887,     0.00084,
2020-04-13 16:00:00,  2192.42881,   419.74670,   124.40796,  3856.94365,     0.00887,     0.00084,
2020-04-13 17:00:00,  2198.14588,   420.55797,   124.78125,  3869.23052,     0.00887,     0.00083,
2020-04-13 18:00:00,  2203.88736,   421.37136,   125.15527,  3881.57210,     0.00887,     0.00083,
2020-04-13 19:00:00,  2209.65337,   422.18687,   125.53002,  3893.96859,     0.00887,     0.00083,
2020-04-13 20:00:00,  2215.44401,   423.00452,   125.90550,  3906.42020,     0.00887,     0.00082,
2020-04-13 21:00:00,  2221.25940,   423.82431,   126.28171,  3918.92715,     0.00887,     0.00082,
2020-04-13 22:00:00,  2227.09965,   424.64626,   126.65865,  3931.48966,     0.00887,     0.00081,
2020-04-13 23:00:00,  2232.96489,   425.47037,   127.03634,  3944.10794,     0.00887,     0.00081,
2020-04-14 00:00:00,  2238.85521,   426.29666,   127.41477,  3956.78221,     0.00887,     0.00080,
2020-04-14 01:00:00,  2244.77075,   427.12512,   127.79394,  3969.51269,     0.00887,     0.00080,
2020-04-14 02:00:00,  2250.71162,   427.95577,   128.17387,  3982.29960,     0.00887,     0.00080,
2020-04-14 03:00:00,  2256.67792,   428.78863,   128.55454,  3995.14317,     0.00887,     0.00079,
2020-04-14 04:00:00,  2262.66979,   429.62369,   128.93597,  4008.04360,     0.00887,     0.00079,
2020-04-14 05:00:00,  2268.68733,   430.46098,   129.31816,  4021.00113,     0.00887,     0.00078,
2020-04-14 06:00:00,  2274.73067,   431.30049,   129.70111,  4034.01599,     0.00887,     0.00078,
2020-04-14 07:00:00,  2280.79992,   432.14224,   130.08482,  4047.08838,     0.00887,     0.00078,
2020-04-14 08:00:00,  2286.89520,   432.98624,   130.46930,  4060.21855,     0.00887,     0.00077,
2020-04-14 09:00:00,  2293.01663,   433.83249,   130.85456,  4073.40672,     0.00887,     0.00077,
2020-04-14 10:00:00,  2299.16433,   434.68101,   131.24058,  4086.65311,     0.00887,     0.00076,
2020-04-14 11:00:00,  2305.33842,   435.53181,   131.62739,  4099.95796,     0.00887,     0.00076,
2020-04-14 12:00:00,  2311.53901,   436.38490,   132.01497,  4113.32150,     0.00887,     0.00076,
2020-04-14 13:00:00,  2317.76624,   437.24028,   132.40334,  4126.74395,     0.00887,     0.00075,
2020-04-14 14:00:00,  2324.02021,   438.09797,   132.79249,  4140.22556,     0.00887,     0.00075,
2020-04-14 15:00:00,  2330.30105,   438.95797,   133.18243,  4153.76655,     0.00887,     0.00074,
2020-04-14 16:00:00,  2336.60888,   439.82030,   133.57317,  4167.36715,     0.00887,     0.00074,
2020-04-14 17:00:00,  2342.94383,   440.68497,   133.96471,  4181.02762,     0.00887,     0.00074,
2020-04-14 18:00:00,  2349.30601,   441.55198,   134.35704,  4194.74817,     0.00887,     0.00073,
2020-04-14 19:00:00,  2355.69556,   442.42135,   134.75018,  4208.52905,     0.00887,     0.00073,
2020-04-14 20:00:00,  2362.11258,   443.29308,   135.14412,  4222.37050,     0.00887,     0.00073,
2020-04-14 21:00:00,  2368.55721,   444.16720,   135.53888,  4236.27276,     0.00887,     0.00072,
2020-04-14 22:00:00,  2375.02957,   445.04369,   135.93445,  4250.23606,     0.00887,     0.00072,
2020-04-14 23:00:00,  2381.52978,   445.92259,   136.33083,  4264.26066,     0.00887,     0.00071,
2020-04-15 00:00:00,  2388.05798,   446.80389,   136.72804,  4278.34679,     0.00887,     0.00071,
2020-04-15 01:00:00,  2394.61427,   447.68761,   137.12606,  4292.49470,     0.00887,     0.00071,
2020-04-15 02:00:00,  2401.19880,   448.57376,   137.52492,  4306.70463,     0.00887,     0.00070,
2020-04-15 03:00:00,  2407.81169,   449.46235,   137.92461,  4320.97684,     0.00887,     0.00070,
2020-04-15 04:00:00,  2414.45305,   450.35338,   138.32513,  4335.31156,     0.00887,     0.00070,
2020-04-15 05:00:00,  2421.12303,   451.24688,   138.72648,  4349.70905,     0.00887,     0.00069,
2020-04-15 06:00:00,  2427.82175,   452.14285,   139.12868,  4364.16956,     0.00887,     0.00069,
2020-04-15 07:00:00,  2434.54933,   453.04129,   139.53172,  4378.69333,     0.00887,     0.00069,
2020-04-15 08:00:00,  2441.30590,   453.94223,   139.93561,  4393.28063,     0.00887,     0.00068,
2020-04-15 09:00:00,  2448.09160,   454.84567,   140.34035,  4407.93170,     0.00887,     0.00068,
2020-04-15 10:00:00,  2454.90655,   455.75162,   140.74595,  4422.64679,     0.00887,     0.00068,
2020-04-15 11:00:00,  2461.75089,   456.66010,   141.15240,  4437.42617,     0.00887,     0.00067,
2020-04-15 12:00:00,  2468.62473,   457.57111,   141.55972,  4452.27009,     0.00887,     0.00067,
2020-04-15 13:00:00,  2475.52822,   458.48467,   141.96790,  4467.17881,     0.00887,     0.00066,
2020-04-15 14:00:00,  2482.46149,   459.40079,   142.37695,  4482.15259,     0.00887,     0.00066,
2020-04-15 15:00:00,  2489.42466,   460.31947,   142.78687,  4497.19168,     0.00887,     0.00066,
2020-04-15 16:00:00,  2496.41786,   461.24073,   143.19767,  4512.29636,     0.00887,     0.00065,
2020-04-15 17:00:00,  2503.44124,   462.16458,   143.60934,  4527.46687,     0.00887,     0.00065,
2020-04-15 18:00:00,  2510.49493,   463.09103,   144.02190,  4542.70349,     0.00887,     0.00065,
2020-04-15 19:00:00,  2517.57905,   464.02010,   144.43535,  4558.00648,     0.00887,     0.00064,
2020-04-15 20:00:00,  2524.69374,   464.95179,   144.84969,  4573.37610,     0.00887,     0.00064,
2020-04-15 21:00:00,  2531.83914,   465.88611,   145.26492,  4588.81263,     0.00887,     0.00064,
2020-04-15 22:00:00,  2539.01538,   466.82308,   145.68105,  4604.31633,     0.00887,     0.00063,
2020-04-15 23:00:00,  2546.22259,   467.76271,   146.09808,  4619.88747,     0.00887,     0.00063,
2020-04-16 00:00:00,  2553.46092,   468.70500,   146.51602,  4635.52632,     0.00887,     0.00063,
2020-04-16 01:00:00,  2560.73050,   469.64998,   146.93487,  4651.23315,     0.00887,     0.00062,
2020-04-16 02:00:00,  2568.03146,   470.59765,   147.35463,  4667.00824,     0.00887,     0.00062,
2020-04-16 03:00:00,  2575.36395,   471.54802,   147.77530,  4682.85187,     0.00887,     0.00062,
2020-04-16 04:00:00,  2582.72810,   472.50111,   148.19690,  4698.76429,     0.00887,     0.00062,
2020-04-16 05:00:00,  2590.12405,   473.45692,   148.61941,  4714.74581,     0.00887,     0.00061,
2020-04-16 06:00:00,  2597.55194,   474.41548,   149.04286,  4730.79668,     0.00887,     0.00061,
2020-04-16 07:00:00,  2605.01190,   475.37679,   149.46724,  4746.91720,     0.00887,     0.00061,
2020-04-16 08:00:00,  2612.50409,   476.34085,   149.89255,  4763.10763,     0.00887,     0.00060,
2020-04-16 09:00:00,  2620.02864,   477.30770,   150.31881,  4779.36827,     0.00887,     0.00060,
2020-04-16 10:00:00,  2627.58568,   478.27733,   150.74600,  4795.69939,     0.00887,     0.00060,
2020-04-16 11:00:00,  2635.17537,   479.24976,   151.17414,  4812.10129,     0.00887,     0.00059,
2020-04-16 12:00:00,  2642.79784,   480.22500,   151.60324,  4828.57424,     0.00887,     0.00059,
2020-04-16 13:00:00,  2650.45324,   481.20306,   152.03328,  4845.11853,     0.00887,     0.00059,
2020-04-16 14:00:00,  2658.14171,   482.18396,   152.46429,  4861.73445,     0.00887,     0.00058,
2020-04-16 15:00:00,  2665.86339,   483.16770,   152.89626,  4878.42229,     0.00887,     0.00058,
2020-04-16 16:00:00,  2673.61843,   484.15431,   153.32919,  4895.18234,     0.00887,     0.00058,
2020-04-16 17:00:00,  2681.40697,   485.14378,   153.76310,  4912.01489,     0.00887,     0.00058,
2020-04-16 18:00:00,  2689.22916,   486.13615,   154.19798,  4928.92023,     0.00887,     0.00057,
2020-04-16 19:00:00,  2697.08515,   487.13140,   154.63384,  4945.89866,     0.00887,     0.00057,
2020-04-16 20:00:00,  2704.97507,   488.12957,   155.07068,  4962.95048,     0.00887,     0.00057,
2020-04-16 21:00:00,  2712.89909,   489.13066,   155.50850,  4980.07598,     0.00887,     0.00056,
2020-04-16 22:00:00,  2720.85733,   490.13469,   155.94732,  4997.27545,     0.00887,     0.00056,
2020-04-16 23:00:00,  2728.84996,   491.14166,   156.38713,  5014.54921,     0.00887,     0.00056,
2020-04-17 00:00:00,  2736.87712,   492.15159,   156.82793,  5031.89754,     0.00887,     0.00055,
2020-04-17 01:00:00,  2744.93897,   493.16449,   157.26974,  5049.32075,     0.00887,     0.00055,
2020-04-17 02:00:00,  2753.03564,   494.18039,   157.71256,  5066.81915,     0.00887,     0.00055,
2020-04-17 03:00:00,  2761.16729,   495.19927,   158.15639,  5084.39304,     0.00887,     0.00055,
2020-04-17 04:00:00,  2769.33408,   496.22117,   158.60123,  5102.04272,     0.00887,     0.00054,
2020-04-17 05:00:00,  2777.53615,   497.24610,   159.04709,  5119.76851,     0.00887,     0.00054,
2020-04-17 06:00:00,  2785.77365,   498.27406,   159.49397,  5137.57070,     0.00887,     0.00054,
2020-04-17 07:00:00,  2794.04674,   499.30508,   159.94188,  5155.44962,     0.00887,     0.00054,
2020-04-17 08:00:00,  2802.35558,   500.33915,   160.39082,  5173.40557,     0.00887,     0.00053,
2020-04-17 09:00:00,  2810.70030,   501.37631,   160.84079,  5191.43886,     0.00887,     0.00053,
2020-04-17 10:00:00,  2819.08108,   502.41655,   161.29181,  5209.54981,     0.00887,     0.00053,
2020-04-17 11:00:00,  2827.49806,   503.45990,   161.74386,  5227.73874,     0.00887,     0.00052,
2020-04-17 12:00:00,  2835.95140,   504.50637,   162.19697,  5246.00596,     0.00887,     0.00052,
2020-04-17 13:00:00,  2844.44126,   505.55597,   162.65113,  5264.35178,     0.00887,     0.00052,
2020-04-17 14:00:00,  2852.96779,   506.60871,   163.10634,  5282.77654,     0.00887,     0.00052,
2020-04-17 15:00:00,  2861.53115,   507.66461,   163.56261,  5301.28054,     0.00887,     0.00051,
2020-04-17 16:00:00,  2870.13150,   508.72368,   164.01995,  5319.86412,     0.00887,     0.00051,
2020-04-17 17:00:00,  2878.76899,   509.78593,   164.47836,  5338.52759,     0.00887,     0.00051,
2020-04-17 18:00:00,  2887.44379,   510.85139,   164.93784,  5357.27128,     0.00887,     0.00051,
2020-04-17 19:00:00,  2896.15606,   511.92005,   165.39840,  5376.09552,     0.00887,     0.00050,
2020-04-17 20:00:00,  2904.90595,   512.99195,   165.86004,  5395.00063,     0.00887,     0.00050,
2020-04-17 21:00:00,  2913.69363,   514.06708,   166.32277,  5413.98694,     0.00887,     0.00050,
2020-04-17 22:00:00,  2922.51926,   515.14547,   166.78658,  5433.05480,     0.00887,     0.00050,
2020-04-17 23:00:00,  2931.38300,   516.22713,   167.25150,  5452.20451,     0.00887,     0.00049,
2020-04-18 00:00:00,  2940.28501,   517.31207,   167.71751,  5471.43643,     0.00887,     0.00049,
2020-04-18 01:00:00,  2949.22547,   518.40030,   168.18462,  5490.75088,     0.00887,     0.00049,
2020-04-18 02:00:00,  2958.20452,   519.49185,   168.65285,  5510.14820,     0.00887,     0.00049,
2020-04-18 03:00:00,  2967.22234,   520.58672,   169.12218,  5529.62873,     0.00887,     0.00048,
2020-04-18 04:00:00,  2976.27909,   521.68494,   169.59263,  5549.19281,     0.00887,     0.00048,
2020-04-18 05:00:00,  2985.37494,   522.78650,   170.06421,  5568.84078,     0.00887,     0.00048,
2020-04-18 06:00:00,  2994.51005,   523.89144,   170.53691,  5588.57298,     0.00887,     0.00048,
2020-04-18 07:00:00,  3003.68460,   524.99976,   171.01074,  5608.38975,     0.00887,     0.00047,
2020-04-18 08:00:00,  3012.89874,   526.11147,   171.48571,  5628.29145,     0.00887,     0.00047,
2020-04-18 09:00:00,  3022.15266,   527.22660,   171.96181,  5648.27841,     0.00887,     0.00047,
2020-04-18 10:00:00,  3031.44651,   528.34516,   172.43906,  5668.35098,     0.00887,     0.00047,
2020-04-18 11:00:00,  3040.78048,   529.46716,   172.91746,  5688.50952,     0.00887,     0.00046,
2020-04-18 12:00:00,  3050.15472,   530.59261,   173.39702,  5708.75437,     0.00887,     0.00046,
2020-04-18 13:00:00,  3059.56941,   531.72154,   173.87773,  5729.08590,     0.00887,     0.00046,
2020-04-18 14:00:00,  3069.02472,   532.85395,   174.35960,  5749.50444,     0.00887,     0.00046,
2020-04-18 15:00:00,  3078.52083,   533.98987,   174.84264,  5770.01036,     0.00887,     0.00045,
2020-04-18 16:00:00,  3088.05791,   535.12930,   175.32685,  5790.60401,     0.00887,     0.00045,
2020-04-18 17:00:00,  3097.63613,   536.27226,   175.81224,  5811.28576,     0.00887,     0.00045,
2020-04-18 18:00:00,  3107.25567,   537.41878,   176.29881,  5832.05596,     0.00887,     0.00045,
2020-04-18 19:00:00,  3116.91670,   538.56885,   176.78656,  5852.91497,     0.00887,     0.00044,
2020-04-18 20:00:00,  3126.61940,   539.72250,   177.27551,  5873.86317,     0.00887,     0.00044,
2020-04-18 21:00:00,  3136.36395,   540.87975,   177.76565,  5894.90090,     0.00887,     0.00044,
2020-04-18 22:00:00,  3146.15052,   542.04060,   178.25699,  5916.02855,     0.00887,     0.00044,
2020-04-18 23:00:00,  3155.97929,   543.20508,   178.74953,  5937.24647,     0.00887,     0.00044,
2020-04-19 00:00:00,  3165.85044,   544.37320,   179.24329,  5958.55503,     0.00887,     0.00043,
2020-04-19 01:00:00,  3175.76415,   545.54497,   179.73826,  5979.95462,     0.00887,     0.00043,
2020-04-19 02:00:00,  3185.72060,   546.72042,   180.23445,  6001.44559,     0.00887,     0.00043,
2020-04-19 03:00:00,  3195.71998,   547.89955,   180.73186,  6023.02833,     0.00887,     0.00043,
2020-04-19 04:00:00,  3205.76245,   549.08239,   181.23050,  6044.70320,     0.00887,     0.00042,
2020-04-19 05:00:00,  3215.84822,   550.26894,   181.73038,  6066.47060,     0.00887,     0.00042,
2020-04-19 06:00:00,  3225.97745,   551.45923,   182.23149,  6088.33089,     0.00887,     0.00042,
2020-04-19 07:00:00,  3236.15033,   552.65328,   182.73385,  6110.28445,     0.00887,     0.00042,
2020-04-19 08:00:00,  3246.36706,   553.85109,   183.23745,  6132.33168,     0.00887,     0.00042,
2020-04-19 09:00:00,  3256.62780,   555.05268,   183.74231,  6154.47294,     0.00887,     0.00041,
2020-04-19 10:00:00,  3266.93276,   556.25807,   184.24843,  6176.70864,     0.00887,     0.00041,
2020-04-19 11:00:00,  3277.28211,   557.46728,   184.75581,  6199.03915,     0.00887,     0.00041,
2020-04-19 12:00:00,  3287.67604,   558.68033,   185.26446,  6221.46486,     0.00887,     0.00041,
2020-04-19 13:00:00,  3298.11475,   559.89722,   185.77438,  6243.98617,     0.00887,     0.00040,
2020-04-19 14:00:00,  3308.59842,   561.11798,   186.28558,  6266.60346,     0.00887,     0.00040,
2020-04-19 15:00:00,  3319.12724,   562.34262,   186.79806,  6289.31713,     0.00887,     0.00040,
2020-04-19 16:00:00,  3329.70140,   563.57116,   187.31183,  6312.12758,     0.00887,     0.00040,
2020-04-19 17:00:00,  3340.32109,   564.80361,   187.82690,  6335.03520,     0.00887,     0.00040,
2020-04-19 18:00:00,  3350.98651,   566.04000,   188.34326,  6358.04039,     0.00887,     0.00039,
2020-04-19 19:00:00,  3361.69785,   567.28034,   188.86093,  6381.14355,     0.00887,     0.00039,
2020-04-19 20:00:00,  3372.45530,   568.52465,   189.37990,  6404.34508,     0.00887,     0.00039,
2020-04-19 21:00:00,  3383.25906,   569.77294,   189.90019,  6427.64539,     0.00887,     0.00039,
2020-04-19 22:00:00,  3394.10932,   571.02523,   190.42180,  6451.04488,     0.00887,     0.00039,
2020-04-19 23:00:00,  3405.00628,   572.28154,   190.94473,  6474.54396,     0.00887,     0.00038,
2020-04-20 00:00:00,  3415.95013,   573.54188,   191.46899,  6498.14304,     0.00887,     0.00038,
2020-04-20 01:00:00,  3426.94107,   574.80628,   191.99459,  6521.84253,     0.00887,     0.00038,
2020-04-20 02:00:00,  3437.97930,   576.07475,   192.52153,  6545.64284,     0.00887,     0.00038,
2020-04-20 03:00:00,  3449.06503,   577.34730,   193.04981,  6569.54438,     0.00887,     0.00038,
2020-04-20 04:00:00,  3460.19844,   578.62397,   193.57944,  6593.54757,     0.00887,     0.00037,
2020-04-20 05:00:00,  3471.37975,   579.90475,   194.11042,  6617.65284,     0.00887,     0.00037,
2020-04-20 06:00:00,  3482.60915,   581.18968,   194.64277,  6641.86059,     0.00887,     0.00037,
2020-04-20 07:00:00,  3493.88684,   582.47876,   195.17648,  6666.17125,     0.00887,     0.00037,
2020-04-20 08:00:00,  3505.21303,   583.77202,   195.71157,  6690.58524,     0.00887,     0.00037,
2020-04-20 09:00:00,  3516.58792,   585.06948,   196.24803,  6715.10299,     0.00887,     0.00037,
2020-04-20 10:00:00,  3528.01172,   586.37115,   196.78587,  6739.72492,     0.00887,     0.00036,
2020-04-20 11:00:00,  3539.48463,   587.67705,   197.32511,  6764.45146,     0.00887,     0.00036,
2020-04-20 12:00:00,  3551.00686,   588.98719,   197.86573,  6789.28305,     0.00887,     0.00036,
2020-04-20 13:00:00,  3562.57862,   590.30161,   198.40775,  6814.22011,     0.00887,     0.00036,
2020-04-20 14:00:00,  3574.20011,   591.62031,   198.95118,  6839.26307,     0.00887,     0.00036,
2020-04-20 15:00:00,  3585.87154,   592.94332,   199.49602,  6864.41238,     0.00887,     0.00035,
2020-04-20 16:00:00,  3597.59313,   594.27064,   200.04227,  6889.66846,     0.00887,     0.00035,
2020-04-20 17:00:00,  3609.36509,   595.60231,   200.58994,  6915.03177,     0.00887,     0.00035,
2020-04-20 18:00:00,  3621.18762,   596.93834,   201.13904,  6940.50274,     0.00887,     0.00035,
2020-04-20 19:00:00,  3633.06093,   598.27875,   201.68957,  6966.08180,     0.00887,     0.00035,
2020-04-20 20:00:00,  3644.98525,   599.62355,   202.24153,  6991.76942,     0.00887,     0.00035,
2020-04-20 21:00:00,  3656.96079,   600.97277,   202.79494,  7017.56603,     0.00887,     0.00034,
2020-04-20 22:00:00,  3668.98775,   602.32643,   203.34980,  7043.47209,     0.00887,     0.00034,
2020-04-20 23:00:00,  3681.06637,   603.68453,   203.90611,  7069.48803,     0.00887,     0.00034,
2020-04-21 00:00:00,  3693.19684,   605.04712,   204.46388,  7095.61432,     0.00887,     0.00034,
2020-04-21 01:00:00,  3705.37940,   606.41419,   205.02311,  7121.85142,     0.00887,     0.00034,
2020-04-21 02:00:00,  3717.61426,   607.78578,   205.58382,  7148.19976,     0.00887,     0.00033,
2020-04-21 03:00:00,  3729.90163,   609.16190,   206.14600,  7174.65983,     0.00887,     0.00033,
2020-04-21 04:00:00,  3742.24175,   610.54256,   206.70966,  7201.23206,     0.00887,     0.00033,
2020-04-21 05:00:00,  3754.63482,   611.92780,   207.27482,  7227.91693,     0.00887,     0.00033,
2020-04-21 06:00:00,  3767.08108,   613.31763,   207.84146,  7254.71490,     0.00887,     0.00033,
2020-04-21 07:00:00,  3779.58074,   614.71207,   208.40961,  7281.62644,     0.00887,     0.00033,
2020-04-21 08:00:00,  3792.13403,   616.11113,   208.97926,  7308.65201,     0.00887,     0.00032,
2020-04-21 09:00:00,  3804.74118,   617.51485,   209.55042,  7335.79208,     0.00887,     0.00032,
2020-04-21 10:00:00,  3817.40241,   618.92323,   210.12310,  7363.04712,     0.00887,     0.00032,
2020-04-21 11:00:00,  3830.11794,   620.33631,   210.69730,  7390.41761,     0.00887,     0.00032,
2020-04-21 12:00:00,  3842.88801,   621.75409,   211.27303,  7417.90403,     0.00887,     0.00032,
2020-04-21 13:00:00,  3855.71284,   623.17660,   211.85029,  7445.50684,     0.00887,     0.00032,
2020-04-21 14:00:00,  3868.59266,   624.60386,   212.42910,  7473.22654,     0.00887,     0.00031,
2020-04-21 15:00:00,  3881.52770,   626.03590,   213.00945,  7501.06360,     0.00887,     0.00031,
2020-04-21 16:00:00,  3894.51820,   627.47272,   213.59135,  7529.01850,     0.00887,     0.00031,
2020-04-21 17:00:00,  3907.56438,   628.91435,   214.17482,  7557.09174,     0.00887,     0.00031,
2020-04-21 18:00:00,  3920.66648,   630.36081,   214.75984,  7585.28379,     0.00887,     0.00031,
2020-04-21 19:00:00,  3933.82474,   631.81213,   215.34644,  7613.59515,     0.00887,     0.00031,
2020-04-21 20:00:00,  3947.03938,   633.26832,   215.93461,  7642.02632,     0.00887,     0.00030,
2020-04-21 21:00:00,  3960.31065,   634.72940,   216.52437,  7670.57777,     0.00887,     0.00030,
2020-04-21 22:00:00,  3973.63877,   636.19540,   217.11571,  7699.25002,     0.00887,     0.00030,
2020-04-21 23:00:00,  3987.02400,   637.66634,   217.70865,  7728.04355,     0.00887,     0.00030,
2020-04-22 00:00:00,  4000.46656,   639.14223,   218.30319,  7756.95888,     0.00887,     0.00030,
2020-04-22 01:00:00,  4013.96670,   640.62310,   218.89934,  7785.99649,     0.00887,     0.00030,
2020-04-22 02:00:00,  4027.52466,   642.10897,   219.49709,  7815.15690,     0.00887,     0.00030,
2020-04-22 03:00:00,  4041.14068,   643.59986,   220.09647,  7844.44061,     0.00887,     0.00029,
2020-04-22 04:00:00,  4054.81501,   645.09579,   220.69748,  7873.84812,     0.00887,     0.00029,
2020-04-22 05:00:00,  4068.54788,   646.59679,   221.30011,  7903.37996,     0.00887,     0.00029,
2020-04-22 06:00:00,  4082.33954,   648.10287,   221.90439,  7933.03663,     0.00887,     0.00029,
2020-04-22 07:00:00,  4096.19024,   649.61406,   222.51030,  7962.81865,     0.00887,     0.00029,
2020-04-22 08:00:00,  4110.10022,   651.13038,   223.11787,  7992.72653,     0.00887,     0.00029,
2020-04-22 09:00:00,  4124.06974,   652.65186,   223.72710,  8022.76080,     0.00887,     0.00029,
2020-04-22 10:00:00,  4138.09903,   654.17850,   224.33798,  8052.92197,     0.00887,     0.00028,
2020-04-22 11:00:00,  4152.18836,   655.71034,   224.95054,  8083.21056,     0.00887,     0.00028,
2020-04-22 12:00:00,  4166.33797,   657.24740,   225.56477,  8113.62712,     0.00887,     0.00028,
2020-04-22 13:00:00,  4180.54811,   658.78970,   226.18069,  8144.17215,     0.00887,     0.00028,
2020-04-22 14:00:00,  4194.81904,   660.33726,   226.79829,  8174.84620,     0.00887,     0.00028,
2020-04-22 15:00:00,  4209.15101,   661.89011,   227.41759,  8205.64979,     0.00887,     0.00028,
2020-04-22 16:00:00,  4223.54428,   663.44826,   228.03860,  8236.58346,     0.00887,     0.00027,
2020-04-22 17:00:00,  4237.99909,   665.01175,   228.66130,  8267.64774,     0.00887,     0.00027,
2020-04-22 18:00:00,  4252.51572,   666.58059,   229.28573,  8298.84318,     0.00887,     0.00027,
2020-04-22 19:00:00,  4267.09441,   668.15480,   229.91187,  8330.17032,     0.00887,     0.00027,
2020-04-22 20:00:00,  4281.73543,   669.73441,   230.53975,  8361.62970,     0.00887,     0.00027,
2020-04-22 21:00:00,  4296.43903,   671.31945,   231.16935,  8393.22186,     0.00887,     0.00027,
2020-04-22 22:00:00,  4311.20548,   672.90993,   231.80070,  8424.94735,     0.00887,     0.00027,
2020-04-22 23:00:00,  4326.03504,   674.50588,   232.43380,  8456.80673,     0.00887,     0.00027,
2020-04-23 00:00:00,  4340.92797,   676.10732,   233.06865,  8488.80055,     0.00887,     0.00026,
2020-04-23 01:00:00,  4355.88454,   677.71428,   233.70526,  8520.92935,     0.00887,     0.00026,
2020-04-23 02:00:00,  4370.90502,   679.32677,   234.34364,  8553.19371,     0.00887,     0.00026,
2020-04-23 03:00:00,  4385.98966,   680.94483,   234.98379,  8585.59417,     0.00887,     0.00026,
2020-04-23 04:00:00,  4401.13875,   682.56848,   235.62572,  8618.13130,     0.00887,     0.00026,
2020-04-23 05:00:00,  4416.35253,   684.19773,   236.26944,  8650.80567,     0.00887,     0.00026,
2020-04-23 06:00:00,  4431.63130,   685.83262,   236.91496,  8683.61784,     0.00887,     0.00026,
2020-04-23 07:00:00,  4446.97531,   687.47317,   237.56227,  8716.56838,     0.00887,     0.00025,
2020-04-23 08:00:00,  4462.38485,   689.11940,   238.21140,  8749.65785,     0.00887,     0.00025,
2020-04-23 09:00:00,  4477.86018,   690.77134,   238.86234,  8782.88685,     0.00887,     0.00025,
2020-04-23 10:00:00,  4493.40157,   692.42901,   239.51510,  8816.25593,     0.00887,     0.00025,
2020-04-23 11:00:00,  4509.00931,   694.09243,   240.16969,  8849.76569,     0.00887,     0.00025,
2020-04-23 12:00:00,  4524.68367,   695.76163,   240.82612,  8883.41669,     0.00887,     0.00025,
2020-04-23 13:00:00,  4540.42492,   697.43664,   241.48439,  8917.20953,     0.00887,     0.00025,
2020-04-23 14:00:00,  4556.23336,   699.11748,   242.14451,  8951.14479,     0.00887,     0.00025,
2020-04-23 15:00:00,  4572.10925,   700.80417,   242.80648,  8985.22306,     0.00887,     0.00024,
2020-04-23 16:00:00,  4588.05288,   702.49675,   243.47032,  9019.44492,     0.00887,     0.00024,
2020-04-23 17:00:00,  4604.06453,   704.19522,   244.13603,  9053.81098,     0.00887,     0.00024,
2020-04-23 18:00:00,  4620.14448,   705.89963,   244.80362,  9088.32182,     0.00887,     0.00024,
2020-04-23 19:00:00,  4636.29302,   707.60999,   245.47309,  9122.97805,     0.00887,     0.00024,
2020-04-23 20:00:00,  4652.51044,   709.32633,   246.14446,  9157.78027,     0.00887,     0.00024,
2020-04-23 21:00:00,  4668.79702,   711.04868,   246.81772,  9192.72907,     0.00887,     0.00024,
2020-04-23 22:00:00,  4685.15305,   712.77706,   247.49289,  9227.82507,     0.00887,     0.00024,
2020-04-23 23:00:00,  4701.57882,   714.51150,   248.16997,  9263.06887,     0.00887,     0.00023,
2020-04-24 00:00:00,  4718.07463,   716.25202,   248.84898,  9298.46108,     0.00887,     0.00023,
2020-04-24 01:00:00,  4734.64075,   717.99865,   249.52991,  9334.00232,     0.00887,     0.00023,
2020-04-24 02:00:00,  4751.27749,   719.75141,   250.21278,  9369.69320,     0.00887,     0.00023,
2020-04-24 03:00:00,  4767.98514,   721.51034,   250.89759,  9405.53434,     0.00887,     0.00023,
2020-04-24 04:00:00,  4784.76399,   723.27545,   251.58435,  9441.52636,     0.00887,     0.00023,
2020-04-24 05:00:00,  4801.61435,   725.04678,   252.27307,  9477.66989,     0.00887,     0.00023,
2020-04-24 06:00:00,  4818.53650,   726.82434,   252.96375,  9513.96554,     0.00887,     0.00023,
2020-04-24 07:00:00,  4835.53076,   728.60818,   253.65640,  9550.41396,     0.00887,     0.00022,
2020-04-24 08:00:00,  4852.59741,   730.39830,   254.35103,  9587.01576,     0.00887,     0.00022,
2020-04-24 09:00:00,  4869.73677,   732.19475,   255.04765,  9623.77159,     0.00887,     0.00022,
2020-04-24 10:00:00,  4886.94913,   733.99755,   255.74627,  9660.68208,     0.00887,     0.00022,
2020-04-24 11:00:00,  4904.23479,   735.80672,   256.44688,  9697.74787,     0.00887,     0.00022,
2020-04-24 12:00:00,  4921.59407,   737.62229,   257.14951,  9734.96960,     0.00887,     0.00022,
2020-04-24 13:00:00,  4939.02727,   739.44429,   257.85415,  9772.34791,     0.00887,     0.00022,
2020-04-24 14:00:00,  4956.53470,   741.27274,   258.56082,  9809.88346,     0.00887,     0.00022,
2020-04-24 15:00:00,  4974.11666,   743.10768,   259.26952,  9847.57689,     0.00887,     0.00022,
2020-04-24 16:00:00,  4991.77347,   744.94914,   259.98026,  9885.42885,     0.00887,     0.00021,
2020-04-24 17:00:00,  5009.50544,   746.79713,   260.69304,  9923.44001,     0.00887,     0.00021,
2020-04-24 18:00:00,  5027.31288,   748.65168,   261.40788,  9961.61101,     0.00887,     0.00021,
2020-04-24 19:00:00,  5045.19611,   750.51283,   262.12478,  9999.94252,     0.00887,     0.00021,
2020-04-24 20:00:00,  5063.15543,   752.38061,   262.84376, 10038.43521,     0.00887,     0.00021,
2020-04-24 21:00:00,  5081.19118,   754.25503,   263.56481, 10077.08973,     0.00887,     0.00021,
2020-04-24 22:00:00,  5099.30366,   756.13614,   264.28795, 10115.90676,     0.00887,     0.00021,
2020-04-24 23:00:00,  5117.49320,   758.02395,   265.01318, 10154.88697,     0.00887,     0.00021,
2020-04-25 00:00:00,  5135.76011,   759.91850,   265.74051, 10194.03103,     0.00887,     0.00021,
2020-04-25 01:00:00,  5154.10472,   761.81981,   266.46995, 10233.33962,     0.00887,     0.00020,
2020-04-25 02:00:00,  5172.52736,   763.72792,   267.20151, 10272.81342,     0.00887,     0.00020,
2020-04-25 03:00:00,  5191.02834,   765.64285,   267.93520, 10312.45312,     0.00887,     0.00020,
2020-04-25 04:00:00,  5209.60799,   767.56463,   268.67101, 10352.25939,     0.00887,     0.00020,
2020-04-25 05:00:00,  5228.26665,   769.49329,   269.40897, 10392.23294,     0.00887,     0.00020,
2020-04-25 06:00:00,  5247.00463,   771.42887,   270.14908, 10432.37444,     0.00887,     0.00020,
2020-04-25 07:00:00,  5265.82227,   773.37138,   270.89135, 10472.68459,     0.00887,     0.00020,
2020-04-25 08:00:00,  5284.71991,   775.32086,   271.63578, 10513.16410,     0.00887,     0.00020,
2020-04-25 09:00:00,  5303.69786,   777.27734,   272.38238, 10553.81366,     0.00887,     0.00020,
2020-04-25 10:00:00,  5322.75648,   779.24084,   273.13117, 10594.63397,     0.00887,     0.00020,
2020-04-25 11:00:00,  5341.89608,   781.21141,   273.88214, 10635.62574,     0.00887,     0.00019,
2020-04-25 12:00:00,  5361.11702,   783.18906,   274.63531, 10676.78968,     0.00887,     0.00019,
2020-04-25 13:00:00,  5380.41963,   785.17383,   275.39069, 10718.12650,     0.00887,     0.00019,
2020-04-25 14:00:00,  5399.80424,   787.16575,   276.14828, 10759.63691,     0.00887,     0.00019,
2020-04-25 15:00:00,  5419.27120,   789.16485,   276.90810, 10801.32164,     0.00887,     0.00019,
2020-04-25 16:00:00,  5438.82086,   791.17116,   277.67014, 10843.18140,     0.00887,     0.00019,
2020-04-25 17:00:00,  5458.45355,   793.18471,   278.43443, 10885.21692,     0.00887,     0.00019,
2020-04-25 18:00:00,  5478.16962,   795.20553,   279.20096, 10927.42892,     0.00887,     0.00019,
2020-04-25 19:00:00,  5497.96942,   797.23365,   279.96975, 10969.81813,     0.00887,     0.00019,
2020-04-25 20:00:00,  5517.85330,   799.26910,   280.74080, 11012.38529,     0.00887,     0.00019,
2020-04-25 21:00:00,  5537.82160,   801.31191,   281.51412, 11055.13113,     0.00887,     0.00018,
2020-04-25 22:00:00,  5557.87469,   803.36213,   282.28973, 11098.05639,     0.00887,     0.00018,
2020-04-25 23:00:00,  5578.01290,   805.41976,   283.06762, 11141.16181,     0.00887,     0.00018,
2020-04-26 00:00:00,  5598.23659,   807.48486,   283.84781, 11184.44814,     0.00887,     0.00018,
2020-04-26 01:00:00,  5618.54613,   809.55744,   284.63031, 11227.91613,     0.00887,     0.00018,
2020-04-26 02:00:00,  5638.94186,   811.63755,   285.41512, 11271.56652,     0.00887,     0.00018,
2020-04-26 03:00:00,  5659.42414,   813.72521,   286.20226, 11315.40007,     0.00887,     0.00018,
2020-04-26 04:00:00,  5679.99334,   815.82046,   286.99173, 11359.41754,     0.00887,     0.00018,
2020-04-26 05:00:00,  5700.64982,   817.92332,   287.78354, 11403.61968,     0.00887,     0.00018,
2020-04-26 06:00:00,  5721.39394,   820.03383,   288.57770, 11448.00727,     0.00887,     0.00018,
2020-04-26 07:00:00,  5742.22606,   822.15203,   289.37422, 11492.58106,     0.00887,     0.00018,
2020-04-26 08:00:00,  5763.14654,   824.27793,   290.17310, 11537.34184,     0.00887,     0.00017,
2020-04-26 09:00:00,  5784.15577,   826.41159,   290.97436, 11582.29036,     0.00887,     0.00017,
2020-04-26 10:00:00,  5805.25410,   828.55303,   291.77800, 11627.42741,     0.00887,     0.00017,
2020-04-26 11:00:00,  5826.44191,   830.70228,   292.58404, 11672.75377,     0.00887,     0.00017,
2020-04-26 12:00:00,  5847.71956,   832.85938,   293.39248, 11718.27022,     0.00887,     0.00017,
2020-04-26 13:00:00,  5869.08744,   835.02435,   294.20333, 11763.97754,     0.00887,     0.00017,
2020-04-26 14:00:00,  5890.54591,   837.19725,   295.01660, 11809.87653,     0.00887,     0.00017,
2020-04-26 15:00:00,  5912.09536,   839.37808,   295.83230, 11855.96797,     0.00887,     0.00017,
2020-04-26 16:00:00,  5933.73616,   841.56690,   296.65044, 11902.25267,     0.00887,     0.00017,
2020-04-26 17:00:00,  5955.46869,   843.76373,   297.47103, 11948.73142,     0.00887,     0.00017,
2020-04-26 18:00:00,  5977.29333,   845.96861,   298.29407, 11995.40503,     0.00887,     0.00017,
2020-04-26 19:00:00,  5999.21047,   848.18158,   299.11957, 12042.27429,     0.00887,     0.00016,
2020-04-26 20:00:00,  6021.22048,   850.40266,   299.94756, 12089.34003,     0.00887,     0.00016,
2020-04-26 21:00:00,  6043.32376,   852.63189,   300.77802, 12136.60304,     0.00887,     0.00016,
2020-04-26 22:00:00,  6065.52070,   854.86930,   301.61098, 12184.06415,     0.00887,     0.00016,
2020-04-26 23:00:00,  6087.81168,   857.11494,   302.44643, 12231.72418,     0.00887,     0.00016,
2020-04-27 00:00:00,  6110.19709,   859.36883,   303.28440, 12279.58395,     0.00887,     0.00016,
2020-04-27 01:00:00,  6132.67733,   861.63101,   304.12489, 12327.64428,     0.00887,     0.00016,
2020-04-27 02:00:00,  6155.25278,   863.90152,   304.96791, 12375.90601,     0.00887,     0.00016,
2020-04-27 03:00:00,  6177.92385,   866.18039,   305.81347, 12424.36996,     0.00887,     0.00016,
2020-04-27 04:00:00,  6200.69094,   868.46765,   306.66157, 12473.03698,     0.00887,     0.00016,
2020-04-27 05:00:00,  6223.55444,   870.76334,   307.51224, 12521.90790,     0.00887,     0.00016,
2020-04-27 06:00:00,  6246.51475,   873.06750,   308.36547, 12570.98356,     0.00887,     0.00016,
2020-04-27 07:00:00,  6269.57227,   875.38017,   309.22127, 12620.26482,     0.00887,     0.00015,
2020-04-27 08:00:00,  6292.72741,   877.70137,   310.07967, 12669.75251,     0.00887,     0.00015,
2020-04-27 09:00:00,  6315.98058,   880.03115,   310.94066, 12719.44751,     0.00887,     0.00015,
2020-04-27 10:00:00,  6339.33218,   882.36954,   311.80425, 12769.35065,     0.00887,     0.00015,
2020-04-27 11:00:00,  6362.78261,   884.71658,   312.67046, 12819.46281,     0.00887,     0.00015,
2020-04-27 12:00:00,  6386.33230,   887.07230,   313.53929, 12869.78485,     0.00887,     0.00015,
2020-04-27 13:00:00,  6409.98166,   889.43674,   314.41075, 12920.31764,     0.00887,     0.00015,
2020-04-27 14:00:00,  6433.73109,   891.80995,   315.28486, 12971.06204,     0.00887,     0.00015,
2020-04-27 15:00:00,  6457.58101,   894.19194,   316.16163, 13022.01893,     0.00887,     0.00015,
2020-04-27 16:00:00,  6481.53184,   896.58277,   317.04105, 13073.18919,     0.00887,     0.00015,
2020-04-27 17:00:00,  6505.58400,   898.98247,   317.92315, 13124.57371,     0.00887,     0.00015,
2020-04-27 18:00:00,  6529.73792,   901.39108,   318.80793, 13176.17336,     0.00887,     0.00015,
2020-04-27 19:00:00,  6553.99400,   903.80863,   319.69541, 13227.98904,     0.00887,     0.00015,
2020-04-27 20:00:00,  6578.35269,   906.23516,   320.58559, 13280.02165,     0.00887,     0.00014,
2020-04-27 21:00:00,  6602.81440,   908.67072,   321.47847, 13332.27207,     0.00887,     0.00014,
2020-04-27 22:00:00,  6627.37956,   911.11533,   322.37409, 13384.74121,     0.00887,     0.00014,
2020-04-27 23:00:00,  6652.04860,   913.56904,   323.27243, 13437.42997,     0.00887,     0.00014,
2020-04-28 00:00:00,  6676.82195,   916.03189,   324.17351, 13490.33926,     0.00887,     0.00014,
2020-04-28 01:00:00,  6701.70005,   918.50391,   325.07735, 13543.47000,     0.00887,     0.00014,
2020-04-28 02:00:00,  6726.68334,   920.98515,   325.98395, 13596.82310,     0.00887,     0.00014,
2020-04-28 03:00:00,  6751.77223,   923.47563,   326.89333, 13650.39947,     0.00887,     0.00014,
2020-04-28 04:00:00,  6776.96719,   925.97541,   327.80548, 13704.20004,     0.00887,     0.00014,
2020-04-28 05:00:00,  6802.26864,   928.48452,   328.72043, 13758.22574,     0.00887,     0.00014,
2020-04-28 06:00:00,  6827.67704,   931.00300,   329.63818, 13812.47750,     0.00887,     0.00014,
2020-04-28 07:00:00,  6853.19281,   933.53088,   330.55875, 13866.95625,     0.00887,     0.00014,
2020-04-28 08:00:00,  6878.81642,   936.06822,   331.48214, 13921.66294,     0.00887,     0.00014,
2020-04-28 09:00:00,  6904.54830,   938.61505,   332.40836, 13976.59849,     0.00887,     0.00014,
2020-04-28 10:00:00,  6930.38890,   941.17140,   333.33743, 14031.76387,     0.00887,     0.00013,
2020-04-28 11:00:00,  6956.33869,   943.73733,   334.26935, 14087.16002,     0.00887,     0.00013,
2020-04-28 12:00:00,  6982.39811,   946.31286,   335.20414, 14142.78789,     0.00887,     0.00013,
2020-04-28 13:00:00,  7008.56761,   948.89805,   336.14180, 14198.64844,     0.00887,     0.00013,
2020-04-28 14:00:00,  7034.84766,   951.49293,   337.08235, 14254.74264,     0.00887,     0.00013,
2020-04-28 15:00:00,  7061.23871,   954.09754,   338.02580, 14311.07145,     0.00887,     0.00013,
2020-04-28 16:00:00,  7087.74123,   956.71192,   338.97215, 14367.63583,     0.00887,     0.00013,
2020-04-28 17:00:00,  7114.35567,   959.33612,   339.92143, 14424.43677,     0.00887,     0.00013,
2020-04-28 18:00:00,  7141.08250,   961.97017,   340.87363, 14481.47525,     0.00887,     0.00013,
2020-04-28 19:00:00,  7167.92219,   964.61412,   341.82877, 14538.75223,     0.00887,     0.00013,
2020-04-28 20:00:00,  7194.87520,   967.26801,   342.78686, 14596.26871,     0.00887,     0.00013,
2020-04-28 21:00:00,  7221.94201,   969.93188,   343.74791, 14654.02569,     0.00887,     0.00013,
2020-04-28 22:00:00,  7249.12309,   972.60578,   344.71193, 14712.02414,     0.00887,     0.00013,
2020-04-28 23:00:00,  7276.41892,   975.28974,   345.67894, 14770.26508,     0.00887,     0.00013,
2020-04-29 00:00:00,  7303.82996,   977.98381,   346.64894, 14828.74951,     0.00887,     0.00013,
