Date, Active, Recoveries, Deaths, Infected,
2020-03-01 00:00:00,    84.00000,     2.00000,     0.00000,   168.00000,
2020-03-01 02:24:00,    85.26789,     2.00000,     0.27317,   172.31973,
2020-03-01 04:48:00,    86.58898,     2.00136,     0.54963,   177.00714,
2020-03-01 07:12:00,    87.96867,     2.00414,     0.82953,   182.06123,
2020-03-01 09:36:00,    89.41226,     2.00836,     1.11306,   187.48296,
2020-03-01 12:00:00,    90.92497,     2.01408,     1.40038,   193.27497,
2020-03-01 14:24:00,    92.51196,     2.02136,     1.69171,   199.44148,
2020-03-01 16:48:00,    94.17838,     2.03024,     1.98726,   205.98816,
2020-03-01 19:12:00,    95.92936,     2.04080,     2.28726,   212.92198,
2020-03-01 21:36:00,    97.77009,     2.05308,     2.59195,   220.25116,
2020-03-02 00:00:00,    99.70578,     2.06717,     2.90158,   227.98501,
2020-03-02 02:24:00,   101.74171,     2.08313,     3.21643,   236.13393,
2020-03-02 04:48:00,   103.88324,     2.10105,     3.53679,   244.70932,
2020-03-02 07:12:00,   106.13584,     2.12101,     3.86294,   253.72349,
2020-03-02 09:36:00,   108.50508,     2.14310,     4.19521,   263.18966,
2020-03-02 12:00:00,   110.99665,     2.16742,     4.53391,   273.12192,
2020-03-02 14:24:00,   113.61638,     2.19409,     4.87940,   283.53514,
2020-03-02 16:48:00,   116.37025,     2.22320,     5.23201,   294.44503,
2020-03-02 19:12:00,   119.26439,     2.25489,     5.59214,   305.86802,
2020-03-02 21:36:00,   122.30511,     2.28927,     5.96015,   317.82132,
2020-03-03 00:00:00,   125.49889,     2.32650,     6.33645,   330.32287,
2020-03-03 02:24:00,   128.85238,     2.36671,     6.72147,   343.39130,
2020-03-03 04:48:00,   132.37247,     2.41006,     7.11562,   357.04597,
2020-03-03 07:12:00,   136.06620,     2.45671,     7.51936,   371.30694,
2020-03-03 09:36:00,   139.94086,     2.50685,     7.93316,   386.19495,
2020-03-03 12:00:00,   144.00394,     2.56066,     8.35750,   401.73144,
2020-03-03 14:24:00,   148.26316,     2.61835,     8.79288,   417.93852,
2020-03-03 16:48:00,   152.72647,     2.68011,     9.23983,   434.83898,
2020-03-03 19:12:00,   157.40207,     2.74619,     9.69887,   452.45629,
2020-03-03 21:36:00,   162.29840,     2.81680,    10.17056,   470.81463,
2020-03-04 00:00:00,   167.42415,     2.89222,    10.65549,   489.93881,
2020-03-04 02:24:00,   172.78828,     2.97269,    11.15425,   509.85435,
2020-03-04 04:48:00,   178.40001,     3.05852,    11.66746,   530.58745,
2020-03-04 07:12:00,   184.26883,     3.14998,    12.19575,   552.16499,
2020-03-04 09:36:00,   190.40451,     3.24740,    12.73978,   574.61454,
2020-03-04 12:00:00,   196.81711,     3.35111,    13.30023,   597.96433,
2020-03-04 14:24:00,   203.51699,     3.46145,    13.87781,   622.24332,
2020-03-04 16:48:00,   210.51478,     3.57881,    14.47325,   647.48114,
2020-03-04 19:12:00,   217.82143,     3.70356,    15.08729,   673.70812,
2020-03-04 21:36:00,   225.44820,     3.83612,    15.72071,   700.95527,
2020-03-05 00:00:00,   233.40666,     3.97692,    16.37431,   729.25433,
2020-03-05 02:24:00,   241.70869,     4.12640,    17.04890,   758.63771,
2020-03-05 04:48:00,   250.36652,     4.28506,    17.74534,   789.13853,
2020-03-05 07:12:00,   259.39267,     4.45338,    18.46451,   820.79063,
2020-03-05 09:36:00,   268.80004,     4.63191,    19.20730,   853.62853,
2020-03-05 12:00:00,   278.60184,     4.82118,    19.97465,   887.68747,
2020-03-05 14:24:00,   288.81163,     5.02178,    20.76751,   923.00338,
2020-03-05 16:48:00,   299.44332,     5.23432,    21.58687,   959.61291,
2020-03-05 19:12:00,   310.51118,     5.45943,    22.43373,   997.55342,
2020-03-05 21:36:00,   322.02984,     5.69779,    23.30916,  1036.86294,
2020-03-06 00:00:00,   334.01429,     5.95010,    24.21420,  1077.58024,
2020-03-06 02:24:00,   346.47989,     6.21708,    25.14999,  1119.74476,
2020-03-06 04:48:00,   359.44235,     6.49952,    26.11763,  1163.39667,
2020-03-06 07:12:00,   372.91780,     6.79820,    27.11832,  1208.57679,
2020-03-06 09:36:00,   386.92271,     7.11398,    28.15323,  1255.32667,
2020-03-06 12:00:00,   401.47396,     7.44772,    29.22361,  1303.68853,
2020-03-06 14:24:00,   416.58880,     7.80036,    30.33072,  1353.70527,
2020-03-06 16:48:00,   432.28487,     8.17283,    31.47586,  1405.42047,
2020-03-06 19:12:00,   448.58022,     8.56615,    32.66036,  1458.87838,
2020-03-06 21:36:00,   465.49327,     8.98136,    33.88559,  1514.12392,
2020-03-07 00:00:00,   483.04288,     9.41954,    35.15295,  1571.20264,
2020-03-07 02:24:00,   501.24826,     9.88184,    36.46389,  1630.16077,
2020-03-07 04:48:00,   520.12906,    10.36944,    37.81987,  1691.04517,
2020-03-07 07:12:00,   539.70534,    10.88356,    39.22242,  1753.90332,
2020-03-07 09:36:00,   559.99753,    11.42550,    40.67308,  1818.78333,
2020-03-07 12:00:00,   581.02651,    11.99659,    42.17344,  1885.73391,
2020-03-07 14:24:00,   602.81355,    12.59822,    43.72514,  1954.80437,
2020-03-07 16:48:00,   625.38033,    13.23185,    45.32982,  2026.04463,
2020-03-07 19:12:00,   648.74896,    13.89897,    46.98921,  2099.50513,
2020-03-07 21:36:00,   672.94194,    14.60115,    48.70504,  2175.23692,
2020-03-08 00:00:00,   697.98220,    15.34002,    50.47911,  2253.29157,
2020-03-08 02:24:00,   723.89308,    16.11727,    52.31323,  2333.72118,
2020-03-08 04:48:00,   750.69833,    16.93466,    54.20928,  2416.57837,
2020-03-08 07:12:00,   778.42211,    17.79400,    56.16917,  2501.91624,
2020-03-08 09:36:00,   807.08900,    18.69720,    58.19484,  2589.78839,
2020-03-08 12:00:00,   836.72398,    19.64620,    60.28829,  2680.24887,
2020-03-08 14:24:00,   867.35245,    20.64305,    62.45156,  2773.35217,
2020-03-08 16:48:00,   899.00021,    21.68986,    64.68673,  2869.15320,
2020-03-08 19:12:00,   931.69346,    22.78881,    66.99592,  2967.70729,
2020-03-08 21:36:00,   965.45882,    23.94216,    69.38129,  3069.07011,
2020-03-09 00:00:00,  1000.32328,    25.15227,    71.84507,  3173.29774,
2020-03-09 02:24:00,  1036.31425,    26.42157,    74.38949,  3280.44654,
2020-03-09 04:48:00,  1073.45952,    27.75256,    77.01688,  3390.57323,
2020-03-09 07:12:00,  1111.78728,    29.14784,    79.72956,  3503.73478,
2020-03-09 09:36:00,  1151.32609,    30.61012,    82.52993,  3619.98846,
2020-03-09 12:00:00,  1192.10489,    32.14216,    85.42042,  3739.39173,
2020-03-09 14:24:00,  1234.15301,    33.74686,    88.40353,  3862.00230,
2020-03-09 16:48:00,  1277.50012,    35.42717,    91.48176,  3987.87804,
2020-03-09 19:12:00,  1322.17629,    37.18617,    94.65770,  4117.07699,
2020-03-09 21:36:00,  1368.21190,    39.02703,    97.93397,  4249.65731,
2020-03-10 00:00:00,  1415.63773,    40.95302,   101.31322,  4385.67725,
2020-03-10 02:24:00,  1464.48485,    42.96752,   104.79817,  4525.19513,
2020-03-10 04:48:00,  1514.78471,    45.07402,   108.39158,  4668.26933,
2020-03-10 07:12:00,  1566.56906,    47.27612,   112.09625,  4814.95820,
2020-03-10 09:36:00,  1619.86997,    49.57751,   115.91502,  4965.32009,
2020-03-10 12:00:00,  1674.71984,    51.98201,   119.85080,  5119.41328,
2020-03-10 14:24:00,  1731.15134,    54.49358,   123.90653,  5277.29597,
2020-03-10 16:48:00,  1789.19745,    57.11626,   128.08519,  5439.02623,
2020-03-10 19:12:00,  1848.89144,    59.85424,   132.38982,  5604.66197,
2020-03-10 21:36:00,  1910.26683,    62.71181,   136.82349,  5774.26090,
2020-03-11 00:00:00,  1973.35741,    65.69340,   141.38934,  5947.88053,
2020-03-11 02:24:00,  2038.19722,    68.80358,   146.09053,  6125.57807,
2020-03-11 04:48:00,  2104.82053,    72.04702,   150.93028,  6307.41046,
2020-03-11 07:12:00,  2173.26184,    75.42854,   155.91184,  6493.43429,
2020-03-11 09:36:00,  2243.55587,    78.95311,   161.03854,  6683.70579,
2020-03-11 12:00:00,  2315.73753,    82.62581,   166.31370,  6878.28077,
2020-03-11 14:24:00,  2389.84191,    86.45188,   171.74074,  7077.21460,
2020-03-11 16:48:00,  2465.90430,    90.43670,   177.32308,  7280.56216,
2020-03-11 19:12:00,  2543.96012,    94.58578,   183.06421,  7488.37783,
2020-03-11 21:36:00,  2624.04496,    98.90479,   188.96765,  7700.71539,
2020-03-12 00:00:00,  2706.19451,   103.39956,   195.03697,  7917.62806,
2020-03-12 02:24:00,  2790.44461,   108.07604,   201.27577,  8139.16840,
2020-03-12 04:48:00,  2876.83117,   112.94037,   207.68771,  8365.38830,
2020-03-12 07:12:00,  2965.39021,   117.99882,   214.27647,  8596.33894,
2020-03-12 09:36:00,  3056.15779,   123.25782,   221.04578,  8832.07073,
2020-03-12 12:00:00,  3149.17004,   128.72399,   227.99943,  9072.63331,
2020-03-12 14:24:00,  3244.46312,   134.40407,   235.14120,  9318.07546,
2020-03-12 16:48:00,  3342.07320,   140.30498,   242.47495,  9568.44511,
2020-03-12 19:12:00,  3442.03647,   146.43384,   250.00457,  9823.78926,
2020-03-12 21:36:00,  3544.38907,   152.79788,   257.73398, 10084.15398,
2020-03-13 00:00:00,  3649.16712,   159.40456,   265.66712, 10349.58433,
2020-03-13 02:24:00,  3756.40670,   166.26146,   273.80800, 10620.12434,
2020-03-13 04:48:00,  3866.14378,   173.37637,   282.16064, 10895.81699,
2020-03-13 07:12:00,  3978.41426,   180.75725,   290.72910, 11176.70414,
2020-03-13 09:36:00,  4093.25393,   188.41223,   299.51748, 11462.82649,
2020-03-13 12:00:00,  4210.69844,   196.34963,   308.52989, 11754.22359,
2020-03-13 14:24:00,  4330.78329,   204.57794,   317.77048, 12050.93373,
2020-03-13 16:48:00,  4453.54379,   213.10584,   327.24346, 12352.99397,
2020-03-13 19:12:00,  4579.01510,   221.94221,   336.95301, 12660.44005,
2020-03-13 21:36:00,  4707.23212,   231.09609,   346.90339, 12973.30639,
2020-03-14 00:00:00,  4838.22954,   240.57674,   357.09886, 13291.62603,
2020-03-14 02:24:00,  4972.04179,   250.39357,   367.54370, 13615.43061,
2020-03-14 04:48:00,  5108.70303,   260.55621,   378.24224, 13944.75030,
2020-03-14 07:12:00,  5248.24712,   271.07449,   389.19881, 14279.61384,
2020-03-14 09:36:00,  5390.70758,   281.95841,   400.41776, 14620.04840,
2020-03-14 12:00:00,  5536.11763,   293.21818,   411.90348, 14966.07964,
2020-03-14 14:24:00,  5684.51008,   304.86420,   423.66036, 15317.73163,
2020-03-14 16:48:00,  5835.91740,   316.90707,   435.69282, 15675.02681,
2020-03-14 19:12:00,  5990.37163,   329.35760,   448.00529, 16037.98600,
2020-03-14 21:36:00,  6147.90439,   342.22677,   460.60221, 16406.62832,
2020-03-15 00:00:00,  6308.54684,   355.52579,   473.48805, 16780.97119,
2020-03-15 02:24:00,  6472.32967,   369.26605,   486.66727, 17161.03028,
2020-03-15 04:48:00,  6639.28309,   383.45917,   500.14435, 17546.81951,
2020-03-15 07:12:00,  6809.43678,   398.11693,   513.92379, 17938.35098,
2020-03-15 09:36:00,  6982.81989,   413.25135,   528.01008, 18335.63498,
2020-03-15 12:00:00,  7159.46099,   428.87464,   542.40773, 18738.67995,
2020-03-15 14:24:00,  7339.38810,   444.99920,   557.12124, 19147.49244,
2020-03-15 16:48:00,  7522.62861,   461.63765,   572.15514, 19562.07710,
2020-03-15 19:12:00,  7709.20929,   478.80282,   587.51392, 19982.43667,
2020-03-15 21:36:00,  7899.15626,   496.50772,   603.20210, 20408.57193,
2020-03-16 00:00:00,  8092.49498,   514.76559,   619.22419, 20840.48167,
2020-03-16 02:24:00,  8289.25020,   533.58985,   635.58471, 21278.16272,
2020-03-16 04:48:00,  8489.44598,   552.99414,   652.28814, 21721.60987,
2020-03-16 07:12:00,  8693.10562,   572.99229,   669.33898, 22170.81589,
2020-03-16 09:36:00,  8900.25168,   593.59834,   686.74172, 22625.77151,
2020-03-16 12:00:00,  9110.90594,   614.82653,   704.50084, 23086.46538,
2020-03-16 14:24:00,  9325.08939,   636.69130,   722.62079, 23552.88407,
2020-03-16 16:48:00,  9542.82219,   659.20730,   741.10603, 24025.01206,
2020-03-16 19:12:00,  9764.12367,   682.38936,   759.96099, 24502.83171,
2020-03-16 21:36:00,  9989.01229,   706.25253,   779.19008, 24986.32328,
2020-03-17 00:00:00, 10217.50564,   730.81203,   798.79770, 25475.46488,
2020-03-17 02:24:00, 10449.62043,   756.08331,   818.78822, 25970.23248,
2020-03-17 04:48:00, 10685.37241,   782.08198,   839.16601, 26470.59990,
2020-03-17 07:12:00, 10924.77644,   808.82387,   859.93538, 26976.53881,
2020-03-17 09:36:00, 11167.84640,   836.32498,   881.10064, 27488.01872,
2020-03-17 12:00:00, 11414.59520,   864.60152,   902.66606, 28005.00695,
2020-03-17 14:24:00, 11665.03478,   893.66987,   924.63589, 28527.46868,
2020-03-17 16:48:00, 11919.17604,   923.54660,   947.01433, 29055.36689,
2020-03-17 19:12:00, 12177.02888,   954.24848,   969.80556, 29588.66239,
2020-03-17 21:36:00, 12438.60215,   985.79245,   993.01373, 30127.31383,
2020-03-18 00:00:00, 12703.90365,  1018.19561,  1016.64294, 30671.27767,
2020-03-18 02:24:00, 12972.94010,  1051.47526,  1040.69725, 31220.50822,
2020-03-18 04:48:00, 13245.71714,  1085.64888,  1065.18069, 31774.95762,
2020-03-18 07:12:00, 13522.23930,  1120.73411,  1090.09725, 32334.57583,
2020-03-18 09:36:00, 13802.50999,  1156.74874,  1115.45084, 32899.31068,
2020-03-18 12:00:00, 14086.53150,  1193.71077,  1141.24538, 33469.10785,
2020-03-18 14:24:00, 14374.30497,  1231.63832,  1167.48469, 34043.91089,
2020-03-18 16:48:00, 14665.83038,  1270.54970,  1194.17258, 34623.66120,
2020-03-18 19:12:00, 14961.10656,  1310.46335,  1221.31277, 35208.29811,
2020-03-18 21:36:00, 15260.13113,  1351.39789,  1248.90896, 35797.75881,
2020-03-19 00:00:00, 15562.90054,  1393.37207,  1276.96477, 36391.97844,
2020-03-19 02:24:00, 15869.41004,  1436.40480,  1305.48379, 36990.89005,
2020-03-19 04:48:00, 16179.65365,  1480.51512,  1334.46952, 37594.42463,
2020-03-19 07:12:00, 16493.62419,  1525.72222,  1363.92542, 38202.51118,
2020-03-19 09:36:00, 16811.31322,  1572.04541,  1393.85488, 38815.07663,
2020-03-19 12:00:00, 17132.71110,  1619.50414,  1424.26123, 39432.04596,
2020-03-19 14:24:00, 17457.80692,  1668.11799,  1455.14773, 40053.34216,
2020-03-19 16:48:00, 17786.58853,  1717.90665,  1486.51757, 40678.88628,
2020-03-19 19:12:00, 18119.04250,  1768.88994,  1518.37389, 41308.59743,
2020-03-19 21:36:00, 18455.15415,  1821.08779,  1550.71973, 41942.39285,
2020-03-20 00:00:00, 18794.90755,  1874.52024,  1583.55807, 42580.18789,
2020-03-20 02:24:00, 19138.28546,  1929.20742,  1616.89183, 43221.89605,
2020-03-20 04:48:00, 19485.26940,  1985.16957,  1650.72385, 43867.42904,
2020-03-20 07:12:00, 19835.83957,  2042.42702,  1685.05687, 44516.69676,
2020-03-20 09:36:00, 20189.97491,  2101.00021,  1719.89357, 45169.60736,
2020-03-20 12:00:00, 20547.65309,  2160.90963,  1755.23656, 45826.06730,
2020-03-20 14:24:00, 20908.85047,  2222.17588,  1791.08836, 46485.98130,
2020-03-20 16:48:00, 21273.54213,  2284.81960,  1827.45139, 47149.25246,
2020-03-20 19:12:00, 21641.70187,  2348.86153,  1864.32801, 47815.78225,
2020-03-20 21:36:00, 22013.30221,  2414.32246,  1901.72048, 48485.47056,
2020-03-21 00:00:00, 22388.31439,  2481.22323,  1939.63098, 49158.21574,
2020-03-21 02:24:00, 22766.70835,  2549.58474,  1978.06161, 49833.91460,
2020-03-21 04:48:00, 23148.45277,  2619.42793,  2017.01437, 50512.46251,
2020-03-21 07:12:00, 23533.51506,  2690.77380,  2056.49116, 51193.75340,
2020-03-21 09:36:00, 23921.86136,  2763.64335,  2096.49381, 51877.67981,
2020-03-21 12:00:00, 24313.45654,  2838.05764,  2137.02405, 52564.13292,
2020-03-21 14:24:00, 24708.26421,  2914.03773,  2178.08350, 53253.00262,
2020-03-21 16:48:00, 25106.24674,  2991.60470,  2219.67371, 53944.17752,
2020-03-21 19:12:00, 25507.36527,  3070.77966,  2261.79612, 54637.54501,
2020-03-21 21:36:00, 25911.57967,  3151.58369,  2304.45207, 55332.99130,
2020-03-22 00:00:00, 26318.84860,  3234.03790,  2347.64282, 56030.40148,
2020-03-22 02:24:00, 26729.12953,  3318.16336,  2391.36950, 56729.65953,
2020-03-22 04:48:00, 27142.37867,  3403.98115,  2435.63318, 57430.64840,
2020-03-22 07:12:00, 27558.55107,  3491.51233,  2480.43480, 58133.25003,
2020-03-22 09:36:00, 27977.60058,  3580.77790,  2525.77520, 58837.34543,
2020-03-22 12:00:00, 28399.47989,  3671.79885,  2571.65514, 59542.81469,
2020-03-22 14:24:00, 28824.14052,  3764.59614,  2618.07525, 60249.53705,
2020-03-22 16:48:00, 29251.53283,  3859.19064,  2665.03607, 60957.39094,
2020-03-22 19:12:00, 29681.60607,  3955.60322,  2712.53804, 61666.25403,
2020-03-22 21:36:00, 30114.30834,  4053.85464,  2760.58149, 62376.00328,
2020-03-23 00:00:00, 30549.58667,  4153.96562,  2809.16664, 63086.51498,
2020-03-23 02:24:00, 30987.38697,  4255.95679,  2858.29362, 63797.66483,
2020-03-23 04:48:00, 31427.65409,  4359.84872,  2907.96243, 64509.32795,
2020-03-23 07:12:00, 31870.33182,  4465.66186,  2958.17298, 65221.37894,
2020-03-23 09:36:00, 32315.36291,  4573.41659,  3008.92507, 65933.69194,
2020-03-23 12:00:00, 32762.68909,  4683.13319,  3060.21839, 66646.14069,
2020-03-23 14:24:00, 33212.25110,  4794.83180,  3112.05253, 67358.59856,
2020-03-23 16:48:00, 33663.98866,  4908.53248,  3164.42696, 68070.93860,
2020-03-23 19:12:00, 34117.84056,  5024.25515,  3217.34106, 68783.03359,
2020-03-23 21:36:00, 34573.74462,  5142.01960,  3270.79407, 69494.75611,
2020-03-24 00:00:00, 35031.63776,  5261.84549,  3324.78516, 70205.97858,
2020-03-24 02:24:00, 35491.45597,  5383.75234,  3379.31337, 70916.57330,
2020-03-24 04:48:00, 35953.13438,  5507.75951,  3434.37763, 71626.41250,
2020-03-24 07:12:00, 36416.60723,  5633.88621,  3489.97677, 72335.36840,
2020-03-24 09:36:00, 36881.80796,  5762.15148,  3546.10950, 73043.31327,
2020-03-24 12:00:00, 37348.66916,  5892.57421,  3602.77445, 73750.11945,
2020-03-24 14:24:00, 37817.12264,  6025.17309,  3659.97010, 74455.65943,
2020-03-24 16:48:00, 38287.09945,  6159.96663,  3717.69486, 75159.80587,
2020-03-24 19:12:00, 38758.52987,  6296.97317,  3775.94702, 75862.43166,
2020-03-24 21:36:00, 39231.34348,  6436.21082,  3834.72474, 76563.40999,
2020-03-25 00:00:00, 39705.46916,  6577.69753,  3894.02611, 77262.61437,
2020-03-25 02:24:00, 40180.83511,  6721.45099,  3953.84909, 77959.91869,
2020-03-25 04:48:00, 40657.36888,  6867.48873,  4014.19154, 78655.19725,
2020-03-25 07:12:00, 41134.99741,  7015.82800,  4075.05121, 79348.32484,
2020-03-25 09:36:00, 41613.64704,  7166.48587,  4136.42577, 80039.17677,
2020-03-25 12:00:00, 42093.24353,  7319.47915,  4198.31274, 80727.62890,
2020-03-25 14:24:00, 42573.71211,  7474.82440,  4260.70957, 81413.55770,
2020-03-25 16:48:00, 43054.97749,  7632.53795,  4323.61359, 82096.84031,
2020-03-25 19:12:00, 43536.96388,  7792.63588,  4387.02205, 82777.35455,
2020-03-25 21:36:00, 44019.59504,  7955.13400,  4450.93208, 83454.97901,
2020-03-26 00:00:00, 44502.79429,  8120.04785,  4515.34069, 84129.59303,
2020-03-26 02:24:00, 44986.48454,  8287.39270,  4580.24484, 84801.07681,
2020-03-26 04:48:00, 45470.58831,  8457.18355,  4645.64134, 85469.31141,
2020-03-26 07:12:00, 45955.02777,  8629.43511,  4711.52693, 86134.17880,
2020-03-26 09:36:00, 46439.72478,  8804.16182,  4777.89825, 86795.56191,
2020-03-26 12:00:00, 46924.60089,  8981.37779,  4844.75183, 87453.34465,
2020-03-26 14:24:00, 47409.57736,  9161.09685,  4912.08411, 88107.41197,
2020-03-26 16:48:00, 47894.57524,  9343.33254,  4979.89143, 88757.64991,
2020-03-26 19:12:00, 48379.51534,  9528.09806,  5048.17006, 89403.94558,
2020-03-26 21:36:00, 48864.31831,  9715.40631,  5116.91615, 90046.18727,
2020-03-27 00:00:00, 49348.90462,  9905.26987,  5186.12576, 90684.26444,
2020-03-27 02:24:00, 49833.19462, 10097.70098,  5255.79488, 91318.06775,
2020-03-27 04:48:00, 50317.10854, 10292.71157,  5325.91940, 91947.48915,
2020-03-27 07:12:00, 50800.56656, 10490.31323,  5396.49510, 92572.42185,
2020-03-27 09:36:00, 51283.48881, 10690.51718,  5467.51771, 93192.76037,
2020-03-27 12:00:00, 51765.79539, 10893.33434,  5538.98284, 93808.40062,
2020-03-27 14:24:00, 52247.40641, 11098.77525,  5610.88605, 94419.23984,
2020-03-27 16:48:00, 52728.24203, 11306.85011,  5683.22279, 95025.17673,
2020-03-27 19:12:00, 53208.22246, 11517.56875,  5755.98843, 95626.11140,
2020-03-27 21:36:00, 53687.26803, 11730.94065,  5829.17827, 96221.94546,
2020-03-28 00:00:00, 54165.29915, 11946.97492,  5902.78754, 96812.58199,
2020-03-28 02:24:00, 54642.23641, 12165.68029,  5976.81136, 97397.92560,
2020-03-28 04:48:00, 55118.00055, 12387.06514,  6051.24480, 97977.88248,
2020-03-28 07:12:00, 55592.51255, 12611.13745,  6126.08286, 98552.36036,
2020-03-28 09:36:00, 56065.69357, 12837.90483,  6201.32044, 99121.26859,
2020-03-28 12:00:00, 56537.46506, 13067.37451,  6276.95238, 99684.51814,
2020-03-28 14:24:00, 57007.74873, 13299.55331,  6352.97347,100242.02162,
2020-03-28 16:48:00, 57476.46662, 13534.44768,  6429.37841,100793.69331,
2020-03-28 19:12:00, 57943.54108, 13772.06369,  6506.16182,101339.44919,
2020-03-28 21:36:00, 58408.89482, 14012.40698,  6583.31829,101879.20692,
2020-03-29 00:00:00, 58872.45096, 14255.48280,  6660.84232,102412.88591,
2020-03-29 02:24:00, 59334.13301, 14501.29603,  6738.72836,102940.40730,
2020-03-29 04:48:00, 59793.86490, 14749.85111,  6816.97079,103461.69399,
2020-03-29 07:12:00, 60251.57104, 15001.15208,  6895.56393,103976.67065,
2020-03-29 09:36:00, 60707.17632, 15255.20259,  6974.50206,104485.26376,
2020-03-29 12:00:00, 61160.60614, 15512.00585,  7053.77939,104987.40157,
2020-03-29 14:24:00, 61611.78640, 15771.56470,  7133.39007,105483.01417,
2020-03-29 16:48:00, 62060.64359, 16033.88152,  7213.32821,105972.03348,
2020-03-29 19:12:00, 62507.10475, 16298.95831,  7293.58787,106454.39324,
2020-03-29 21:36:00, 62951.09754, 16566.79663,  7374.16305,106930.02904,
2020-03-30 00:00:00, 63392.55022, 16837.39764,  7455.04770,107398.87835,
2020-03-30 02:24:00, 63831.39169, 17110.76206,  7536.23576,107860.88049,
2020-03-30 04:48:00, 64267.55154, 17386.89022,  7617.72107,108315.97664,
2020-03-30 07:12:00, 64700.96002, 17665.78199,  7699.49748,108764.10989,
2020-03-30 09:36:00, 65131.54808, 17947.43685,  7781.55876,109205.22519,
2020-03-30 12:00:00, 65559.24742, 18231.85385,  7863.89867,109639.26938,
2020-03-30 14:24:00, 65983.99045, 18519.03159,  7946.51092,110066.19122,
2020-03-30 16:48:00, 66405.71037, 18808.96830,  8029.38918,110485.94132,
2020-03-30 19:12:00, 66824.34114, 19101.66173,  8112.52710,110898.47224,
2020-03-30 21:36:00, 67239.81755, 19397.10925,  8195.91829,111303.73840,
2020-03-31 00:00:00, 67652.07517, 19695.30778,  8279.55633,111701.69614,
2020-03-31 02:24:00, 68061.05043, 19996.25382,  8363.43478,112092.30369,
2020-03-31 04:48:00, 68466.68061, 20299.94347,  8447.54716,112475.52118,
2020-03-31 07:12:00, 68868.90385, 20606.37237,  8531.88698,112851.31064,
2020-03-31 09:36:00, 69267.65917, 20915.53577,  8616.44771,113219.63598,
2020-03-31 12:00:00, 69662.88651, 21227.42848,  8701.22282,113580.46301,
2020-03-31 14:24:00, 70054.52670, 21542.04491,  8786.20574,113933.75943,
2020-03-31 16:48:00, 70442.52152, 21859.37903,  8871.38990,114279.49480,
2020-03-31 19:12:00, 70826.81368, 22179.42439,  8956.76871,114617.64058,
2020-03-31 21:36:00, 71207.34685, 22502.17416,  9042.33555,114948.17006,
2020-04-01 00:00:00, 71584.06567, 22827.62104,  9128.08380,115271.05843,
2020-04-01 02:24:00, 71956.91576, 23155.75736,  9214.00684,115586.28271,
2020-04-01 04:48:00, 72325.84375, 23486.57503,  9300.09802,115893.82176,
2020-04-01 07:12:00, 72690.79725, 23820.06553,  9386.35070,116193.65628,
2020-04-01 09:36:00, 73051.72491, 24156.21995,  9472.75822,116485.76879,
2020-04-01 12:00:00, 73408.57640, 24495.02897,  9559.31393,116770.14362,
2020-04-01 14:24:00, 73761.30242, 24836.48287,  9646.01116,117046.76691,
2020-04-01 16:48:00, 74109.85474, 25180.57151,  9732.84326,117315.62658,
2020-04-01 19:12:00, 74454.18615, 25527.28438,  9819.80356,117576.71233,
2020-04-01 21:36:00, 74794.25053, 25876.61055,  9906.88540,117830.01562,
2020-04-02 00:00:00, 75130.00285, 26228.53871,  9994.08214,118075.52967,
2020-04-02 02:24:00, 75461.39912, 26583.05715, 10081.38712,118313.24942,
2020-04-02 04:48:00, 75788.39648, 26940.15377, 10168.79371,118543.17153,
2020-04-02 07:12:00, 76110.95312, 27299.81609, 10256.29527,118765.29439,
2020-04-02 09:36:00, 76429.02837, 27662.03125, 10343.88517,118979.61805,
2020-04-02 12:00:00, 76742.58266, 28026.78602, 10431.55682,119186.14425,
2020-04-02 14:24:00, 77051.57751, 28394.06676, 10519.30362,119384.87638,
2020-04-02 16:48:00, 77355.97558, 28763.85950, 10607.11897,119575.81946,
2020-04-02 19:12:00, 77655.74063, 29136.14986, 10694.99632,119758.98014,
2020-04-02 21:36:00, 77950.83757, 29510.92314, 10782.92911,119934.36669,
2020-04-03 00:00:00, 78241.23243, 29888.16425, 10870.91082,120101.98894,
2020-04-03 02:24:00, 78526.89235, 30267.85773, 10958.93495,120261.85828,
2020-04-03 04:48:00, 78807.78562, 30649.98780, 11046.99499,120413.98768,
2020-04-03 07:12:00, 79083.88168, 31034.53830, 11135.08449,120558.39160,
2020-04-03 09:36:00, 79355.15108, 31421.49275, 11223.19702,120695.08603,
2020-04-03 12:00:00, 79621.56551, 31810.83431, 11311.32615,120824.08843,
2020-04-03 14:24:00, 79883.09783, 32202.54581, 11399.46550,120945.41775,
2020-04-03 16:48:00, 80139.72199, 32596.60974, 11487.60871,121059.09435,
2020-04-03 19:12:00, 80391.41312, 32993.00827, 11575.74946,121165.14004,
2020-04-03 21:36:00, 80638.14746, 33391.72325, 11663.88145,121263.57803,
2020-04-04 00:00:00, 80879.90241, 33792.73618, 11751.99842,121354.43289,
2020-04-04 02:24:00, 81116.65647, 34196.02830, 11840.09413,121437.73057,
2020-04-04 04:48:00, 81348.38931, 34601.58047, 11928.16239,121513.49834,
2020-04-04 07:12:00, 81575.08171, 35009.37331, 12016.19704,121581.76481,
2020-04-04 09:36:00, 81796.71557, 35419.38710, 12104.19195,121642.55983,
2020-04-04 12:00:00, 82013.27394, 35831.60182, 12192.14105,121695.91458,
2020-04-04 14:24:00, 82224.74097, 36245.99720, 12280.03827,121741.86143,
2020-04-04 16:48:00, 82431.10192, 36662.55263, 12367.87763,121780.43401,
2020-04-04 19:12:00, 82632.34319, 37081.24726, 12455.65314,121811.66713,
2020-04-04 21:36:00, 82828.45227, 37502.05994, 12543.35890,121835.59677,
2020-04-05 00:00:00, 83019.41774, 37924.96927, 12630.98901,121852.26009,
2020-04-05 02:24:00, 83205.22930, 38349.95356, 12718.53765,121861.69534,
2020-04-05 04:48:00, 83385.87772, 38776.99088, 12805.99903,121863.94189,
2020-04-05 07:12:00, 83561.35489, 39206.05903, 12893.36739,121859.04021,
2020-04-05 09:36:00, 83731.65373, 39637.13557, 12980.63705,121847.03180,
2020-04-05 12:00:00, 83896.76828, 40070.19781, 13067.80234,121827.95920,
2020-04-05 14:24:00, 84056.69360, 40505.22283, 13154.85769,121801.86596,
2020-04-05 16:48:00, 84211.42584, 40942.18746, 13241.79752,121768.79662,
2020-04-05 19:12:00, 84360.96219, 41381.06831, 13328.61635,121728.79668,
2020-04-05 21:36:00, 84505.30088, 41821.84178, 13415.30871,121681.91255,
2020-04-06 00:00:00, 84644.44116, 42264.48402, 13501.86922,121628.19160,
2020-04-06 02:24:00, 84778.38334, 42708.97100, 13588.29252,121567.68206,
2020-04-06 04:48:00, 84907.12871, 43155.27848, 13674.57333,121500.43302,
2020-04-06 07:12:00, 85030.67958, 43603.38200, 13760.70641,121426.49442,
2020-04-06 09:36:00, 85149.03926, 44053.25692, 13846.68656,121345.91703,
2020-04-06 12:00:00, 85262.21205, 44504.87840, 13932.50868,121258.75240,
2020-04-06 14:24:00, 85370.20322, 44958.22144, 14018.16767,121165.05284,
2020-04-06 16:48:00, 85473.01901, 45413.26083, 14103.65852,121064.87143,
2020-04-06 19:12:00, 85570.66662, 45869.97121, 14188.97629,120958.26195,
2020-04-06 21:36:00, 85663.15420, 46328.32704, 14274.11605,120845.27890,
2020-04-07 00:00:00, 85750.49082, 46788.30263, 14359.07298,120725.97743,
2020-04-07 02:24:00, 85832.68650, 47249.87212, 14443.84228,120600.41338,
2020-04-07 04:48:00, 85909.75217, 47713.00952, 14528.41923,120468.64319,
2020-04-07 07:12:00, 85981.69963, 48177.68868, 14612.79915,120330.72392,
2020-04-07 09:36:00, 86048.54161, 48643.88332, 14696.97746,120186.71321,
2020-04-07 12:00:00, 86110.29170, 49111.56701, 14780.94959,120036.66925,
2020-04-07 14:24:00, 86166.96436, 49580.71323, 14864.71106,119880.65080,
2020-04-07 16:48:00, 86218.57492, 50051.29529, 14948.25745,119718.71711,
2020-04-07 19:12:00, 86265.13953, 50523.28642, 15031.58439,119550.92793,
2020-04-07 21:36:00, 86306.67519, 50996.65972, 15114.68757,119377.34349,
2020-04-08 00:00:00, 86343.19971, 51471.38821, 15197.56277,119198.02447,
2020-04-08 02:24:00, 86374.73171, 51947.44478, 15280.20580,119013.03198,
2020-04-08 04:48:00, 86401.29059, 52424.80224, 15362.61255,118822.42753,
2020-04-08 07:12:00, 86422.89656, 52903.43332, 15444.77896,118626.27302,
2020-04-08 09:36:00, 86439.57056, 53383.31066, 15526.70104,118424.63073,
2020-04-08 12:00:00, 86451.33432, 53864.40682, 15608.37487,118217.56326,
2020-04-08 14:24:00, 86458.21029, 54346.69429, 15689.79658,118005.13356,
2020-04-08 16:48:00, 86460.22166, 54830.14550, 15770.96238,117787.40488,
2020-04-08 19:12:00, 86457.39232, 55314.73281, 15851.86851,117564.44073,
2020-04-08 21:36:00, 86449.74688, 55800.42854, 15932.51132,117336.30491,
2020-04-09 00:00:00, 86437.31063, 56287.20494, 16012.88720,117103.06147,
2020-04-09 02:24:00, 86420.10953, 56775.03424, 16092.99258,116864.77466,
2020-04-09 04:48:00, 86398.17021, 57263.88859, 16172.82401,116621.50896,
2020-04-09 07:12:00, 86371.51995, 57753.74016, 16252.37805,116373.32903,
2020-04-09 09:36:00, 86340.18665, 58244.56105, 16331.65135,116120.29969,
2020-04-09 12:00:00, 86304.19885, 58736.32335, 16410.64062,115862.48592,
2020-04-09 14:24:00, 86263.58568, 59228.99914, 16489.34264,115599.95284,
2020-04-09 16:48:00, 86218.37687, 59722.56048, 16567.75424,115332.76567,
2020-04-09 19:12:00, 86168.60273, 60216.97942, 16645.87232,115060.98973,
2020-04-09 21:36:00, 86114.29415, 60712.22800, 16723.69385,114784.69044,
2020-04-10 00:00:00, 86055.48254, 61208.27828, 16801.21586,114503.93325,
2020-04-10 02:24:00, 85992.19988, 61705.10231, 16878.43544,114218.78368,
2020-04-10 04:48:00, 85924.47866, 62202.67216, 16955.34974,113929.30727,
2020-04-10 07:12:00, 85852.35187, 62700.95993, 17031.95598,113635.56958,
2020-04-10 09:36:00, 85775.85303, 63199.93771, 17108.25144,113337.63617,
2020-04-10 12:00:00, 85695.01612, 63699.57764, 17184.23347,113035.57256,
2020-04-10 14:24:00, 85609.87559, 64199.85189, 17259.89947,112729.44427,
2020-04-10 16:48:00, 85520.46636, 64700.73266, 17335.24691,112419.31674,
2020-04-10 19:12:00, 85426.82378, 65202.19218, 17410.27333,112105.25536,
2020-04-10 21:36:00, 85328.98364, 65704.20274, 17484.97631,111787.32545,
2020-04-11 00:00:00, 85226.98214, 66206.73669, 17559.35352,111465.59222,
